Workbook
Name \a: '[1]FA-LISTING'!#REF!
Name \b: '[1]FA-LISTING'!#REF!
Name \c: #N/A
Name \p: '[1]FA-LISTING'!#REF!
Name _2__BCR_engine: #REF!
Name _25_pin_Cable: #REF!
Name _EMS753: #REF!
Name _er4: #REF!
Name _pn1: #REF!
Name _pn2: #REF!
Name _pn3: #REF!
Name _pn4: #REF!
Name _pn5: #REF!
Name _pn6: #REF!
Name _pn7: #REF!
Name _pn8: #REF!
Name _w1: #REF!
Name _w2: #REF!
Name A: #REF!
Name a0: #REF!
Name a100000000: #REF!
Name aaa: '[3]wsp 12-03'!$1:$1048576
Name aab: '[3]wsp 12-03'!$A:$A
Name AAP: '[4]AP Royalty table'!$F$6
Name ab: [5]Contents!#REF!
Name Abbreviation: #REF!
Name abc: #REF!
Name ACBAD: #REF!
Name actCap: #REF!
Name actEVA: #REF!
Name actOP: #REF!
Name actOth: #REF!
Name actRev: #REF!
Name AD: #REF!
Name adfasdfdfgfg: '[6]IS-01'!#REF!
Name AgedQ: #REF!
Name alicia: #REF!
Name Allocation_Last_Line: #REF!
Name Allocation_Line_Number: #REF!
Name Allocation_Pre_Tax_Royalty: #REF!
Name Allocation_Totals_Last_Col: #REF!
Name Allocation_Totals_Last_Line: #REF!
Name Allocation_Totals_Line_Number: #REF!
Name Apr_04_B: '[7]IS-01'!#REF!
Name apr_05_b: '[8]IS-01'!#REF!
Name as: '[6]IS-01'!#REF!
Name ASB: #REF!
Name asdf: '[6]IS-01'!#REF!
Name asdfasdf: '[6]IS-01'!#REF!
Name Assembly_and_Test_defect_symptom: #REF!
Name Assy_FT_Top_10: #REF!
Name at: #REF!
Name ATRAC_Not_MD_Non_Patent_LD_Totals: #REF!
Name ATRAC_Not_MD_Patent_LD_Totals: #REF!
Name Aug_08_B: '[7]IS-01'!#REF!
Name AVL: #REF!
Name AVL_1_0_20050128: #REF!
Name AVL_1_0_20050202: #REF!
Name AVL_1_0_20050622: #REF!
Name AVL_1_0_20060322: #REF!

Sheet 2026 Project
B3: SEGMENT | C3: SIZE | D3: HERO | E3: PROJECT | F3: CPU | G3: GPU | H3: PROJECT PM | I3: BM OWNER | J3: MKT NAME | K3: MODEL NAME | L3: FCS | M3: PR | N3: BM FOCUS
B4: Helios | C4: 18 | D4: 🌟🌟 | E4: Valour_ARX | F4: Intel Arrow Lake HX-R | G4: NV Board 1 | H4: Albert Pan | I4: Jackson | J4: Predator Helios 18 AI | K4: PH18-I71 | L4: ='LAPTOP 2026'!C68 -> 0 | M4: COMPUTEX | N4: 3 ROs [small qty]
B5: Helios Neo | C5: 18 | E5: iX2_ARX | F5: Intel Arrow Lake HX-R | G5: NV Board 1 + Board 2 | H5: Shao Yu Wu | J5: Predator Helios Neo 18 AI | K5: PHN18-I71 | L5: ='LAPTOP 2026'!H68 -> 46120 | M5: Follow Intel in Mar | N5: 3 ROs [small qty]
C6: 16 | E6: MacanS_ARX | F6: Intel Arrow Lake HX-R | G6: NV Board 1 + Board 2 | H6: Ken Li | I6: Yuki | J6: Predator Helios Neo 16 AI | K6: PHN16-I71 | L6: ='LAPTOP 2026'!F68 -> 46120 | M6: Follow Intel in Mar | N6: 3 [small qty]
E7: MacanS_RTX | F7: Intel Raptor Lake HX | G7: NV Board 2 | H7: Scott Hsu | J7: Predator Helios Neo 16 | K7: PHN16-I31 | L7: ='LAPTOP 2026'!G68 -> 46083 | M7: X | N7: PAP, CN, small qty
B8: Helios Neo S | C8: 16 | D8: 🌟🌟 | E8: FPACE_PTB | F8: Intel Panther Lake H484 | G8: NV Board 2 | H8: Julia Huang | I8: Yuki | J8: Predator Helios Neo 16S AI | K8: PHN16S-I51 | L8: ='LAPTOP 2026'!D68 -> 46059 | M8: CES | N8: PAP, CN
B9: Helios Neo S | E9: FPACE_ARX | F9: Intel Arrow Lake HX-R | G9: NV Board 1 + Board 2 | H9: Jessie Wang | I9: Yuki | J9: Predator Helios Neo 16S AI | K9: PHN16S-I71 | L9: ='LAPTOP 2026'!E68 -> 46112 | M9: Follow Intel in Mar | N9: US(BBY Apr on shelf), EMEA
B10: Nitro | C10: 16 | E10: Mufasa_FRX | F10: AMD Fire Range | G10: NV Board 1 + Board 2 | H10: Jessica YC Liu | J10: Acer Nitro 16 | K10: AN16-A91 | L10: ='LAPTOP 2026'!J68 -> 46178 | M10: COMPUTEX | N10: 3 ROs
E11: Mufasa_GG | F11: AMD Gorgon Point HS | G11: NV Board 2 [TBD] | H11: Jessica YC Liu | J11: Acer Nitro 16 AI | K11: AN16-A71 | L11: ='LAPTOP 2026'!I68 -> Project Canceled | N11: 3
B12: Nitro Edge [Ultra Slim] | C12: 16 | D12: 🌟🌟 | E12: Urus_Ni | F12: Nvidia N1 | G12: UMA | H12: Phoebe Chiu | J12: Acer Nitro Edge 16 AI | K12: ANE16-N51 | L12: ='LAPTOP 2026'!L68 -> 11/11/2026 (TBC) | M12: TBD | N12: EMEA, PA, PAP
B13: Nitro V | C13: 16 | E13: Picanto_PTZ | F13: Intel Panther Lake H404 | G13: NV Board 2 | H13: Scott Hsu | J13: Acer Nitro V 16 AI | K13: ANV16-I51 | L13: ='LAPTOP 2026'!N68 -> 46121 | M13: CES | N13: 3, small qty
E14: Picanto_GG | F14: AMD Gorgon Point HS | G14: NV Board 2 | H14: Wade Liu | I14: Jackson | J14: Acer Nitro V 16 AI | K14: ANV16-A71 | L14: ='LAPTOP 2026'!O68 -> 46120 | M14: CES | N14: 3
E15: Picanto_HKH | F15: AMD Hawk Point | G15: NV Board 2 | H15: Wade Liu | J15: Acer Nitro V 16 AI | K15: ANV16-A31 | L15: ='LAPTOP 2026'!Q68 -> 46120 | M15: X
E16: Picanto_RTH | F16: Intel Rapter Lake H-R | G16: NV Board 2 | H16: Phoebe Chiu | J16: Acer Nitro V 16 | K16: ANV16-I31 | L16: ='LAPTOP 2026'!P68 -> 46108 | M16: X | N16: EMEA, PA, PAP
E17: Delhi_RTX | F17: Intel Rapter Lake HX-R | G17: NV Board 2 | H17: Albert Pan | J17: Acer Nitro V 16 | K17: ANV16-I11 | L17: ='LAPTOP 2026'!T68 -> 5/E/2026 | M17: X
C18: 17.3 | E18: Sportswagon_RTH | F18: Intel Raptor Lake H-R | G18: NV Board 2 | H18: Albert Pan | J18: Acer Nitro V 17 | K18: ANV17-I31 | L18: ='LAPTOP 2026'!R68 -> 46148 | M18: X | N18: EMEA
C19: 15.6 | E19: Sportage2_RBH | F19: AMD Rarmbrandt-R 100 Series | G19: NV Board 2 | H19: Wade Liu | J19: Acer Nitro V 15 | K19: ANV15-A31 | L19: ='LAPTOP 2026'!S68 -> 46014 | M19: X | N19: 3
B20: Nitro V S | C20: 16 | D20: 🌟 | E20: Sorento_PTZ | F20: Intel Panther Lake H404 | G20: NV Board 2 | H20: Jessie Wang | J20: Acer Nitro V 16S AI | K20: ANV16S-I51 | L20: ='LAPTOP 2026'!M68 -> 46121 | M20: CES | N20: EMEA
B23: SEGMENT | C23: SIZE | D23: HERO | E23: PROJECT | F23: CPU | G23: GPU | H23: PROJECT PM | I23: BM OWNER | J23: MKT NAME | K23: MODEL NAME | L23: FCS | M23: PR | N23: BM FOCUS
B24: Atlas | C24: 7 | D24: 🌟🌟 | E24: G310_PTG | F24: Intel Panther Lake [HH] | G24: On Board | H24: Phoebe Chiu | I24: Jackson | J24: Predator Atlas 7 | K24: PA07-I51 | L24: Q3 2026 | M24: COMPUTEX | N24: EMEA
C25: 8 | E25: F900_PTG | F25: Intel Panther Lake [HH] | G25: On Board | H25: Ken Li | I25: TBD | J25: Predator Atlas 8 | K25: PA08-I51 | L25: Q3 2026 | M25: IFA GPC | N25: PAP, CN

Sheet HANDHELD 2024
B2: NITRO Blaze GN-771 | C2: ROG Ally X (2024) | D2: ROG Ally Gaming Console (2023) RC71L RC71L-ALLY.Z1X_512 | E2: ROG Ally Gaming Console (2023) RC71L RC71L-ALLY.Z1_512 | F2: MSI Claw A1M-050US | G2: MSI Claw A1M-051US | H2: MSI Claw A1M-052US | I2: MSI Claw A1M-229US | J2: Lenovo Legion Go
A3: Operating System | B3: Windows 11 Home | C3: Windows 11 Home | D3: Windows 11 Home | E3: Windows 11 Home | F3: Windows 11 Home | G3: Windows 11 Home | H3: Windows 11 Home | I3: Windows 11 Pro | J3: Windows 11 Home
A4: CPU | B4: AMD Ryzen™ 7 8840HS_x000B_(3.3GHz up to 5.1GHz, 8 Cores 16 Threads, 24MB Cache) AMD Ryzen™ AI Support total 38 TOPS | C4: AMD Ryzen™ Z1 7840U Extreme Processor ("Zen4" architecture with 4nm process, 8-core /16-threads, 24MB total cache, up to 5.10 Ghz boost) | D4: AMD Ryzen™ Z1 7840U Extreme Processor ("Zen4" architecture with 4nm process, 8-core /16-threads, 24MB total cache, up to 5.10 Ghz boost) | E4: AMD Ryzen™ Z1 Processor ("Zen4" architecture with 4nm process, 6-core /12-threads, 22MB total cache, up to 4.90 Ghz boost) | F4: Intel® Core™ Ultra 7 processor 155H with Intel® AI Boost (NPU) 16 cores (6 P-cores + 8 E-cores + 2 Low Power E-cores), Max Turbo Frequency 4.8 GHz | G4: Intel® Core™ Ultra 7 processor 155H with Intel® AI Boost (NPU) 16 cores (6 P-cores + 8 E-cores + 2 Low Power E-cores), Max Turbo Frequency 4.8 GHz | H4: Intel® Core™ Ultra 5 processor 135H with Intel® AI Boost (NPU) 14 cores (4 P-cores + 8 E-cores + 2 Low Power E-cores), Max Turbo Frequency 4.6 GHz | I4: Intel® Core™ Ultra 7 processor 155H with Intel® AI Boost (NPU) 16 cores (6 P-cores + 8 E-cores + 2 Low Power E-cores), Max Turbo Frequency 4.8 GHz | J4: AMD Ryzen Z1 Extreme
A5: GPU | B5: AMD Radeon™ 780M_x000B_(Up to 2.7GHz, AMD RDNA™ 3 12 CUs) | C5: AMD Radeon™ Graphics 780M (AMD RDNA™ 3, 12 CUs, up to 2.7 GHz, up to 8.6 Teraflops) | D5: AMD Radeon™ Graphics 780M (AMD RDNA™ 3, 12 CUs, up to 2.7 GHz, up to 8.6 Teraflops) | E5: AMD Radeon™ Graphics (AMD RDNA™ 3, 4 CUs, up to 2.5 GHz, up to 2.8 Teraflops) | F5: Intel® Arc Graphics 8 Xᵉ-Cores | G5: Intel® Arc Graphics 8 Xᵉ-Cores | H5: Intel® Arc Graphics 8 Xᵉ-Cores | I5: Intel® Arc Graphics 8 Xᵉ-Cores | J5: AMD Radeon™ Graphics
A6: TDP | B6: 10W-30W | C6: 9-30W | D6: 9-30W | E6: 9-30W
A7: Display | B7: 7-inch FHD 1920 x 1080 144Hz 500nits 10 points - touch panel_x000B_Reponse time: 7ms 100% sRGB AMD FreeSync™ Premium | C7: 7-inch FHD (1920 x 1080) 16:9 IPS-level ??? glossy display sRGB:100% Adobe:75.35% ??? Gorilla® Glass Victus™ Touch Screen (10-point multi-touch) Refresh Rate:120Hz Response Time:7ms Brightness:500nits FreeSync Premium | D7: 7-inch FHD (1920 x 1080) 16:9 IPS-level glossy display sRGB:100% Adobe:75.35% Gorilla® Glass DXC Gorilla® Glass Victus™ Touch Screen (10-point multi-touch) Refresh Rate:120Hz Response Time:7ms Brightness:500nits FreeSync Premium | E7: 7-inch FHD (1920 x 1080) 16:9 IPS-level glossy display sRGB:100% Adobe:75.35% Gorilla® Glass DXC Gorilla® Glass Victus™ Touch Screen (10-point multi-touch) Refresh Rate:120Hz Response Time:7ms Brightness:500nits FreeSync Premium | F7: 7-inch FHD(1920x1080) 16:9 IPS-level sRGB:100% Touch Screen Refresh Rate:120Hz Brightness:500nits | G7: 7-inch FHD(1920x1080) 16:9 IPS-level sRGB:100% Touch Screen Refresh Rate:120Hz Brightness:500nits | H7: 7-inch FHD(1920x1080) 16:9 IPS-level sRGB:100% Touch Screen Refresh Rate:120Hz Brightness:500nits | I7: 7-inch FHD(1920x1080) 16:9 IPS-level sRGB:100% Touch Screen Refresh Rate:120Hz Brightness:500nits | J7: 8.8-inch QHD (2560 x 1600) IPS, 500 nits 16:10 aspect ratio 144Hz refresh rate 97% DCI-P3 10-point touchscreen Gorilla® Glass
A8: Memory | B8: 16GB LPDDR5x 7500MHz (onboard) | C8: 12GB*2 LPDDR5 on board Support dual channel memory | D8: 16GB LPDDR5 on board (6400MT/s dual channel) | E8: 16GB LPDDR5 on board (6400MT/s dual channel) | F8: 16GB LPDDR5-6400MHz | G8: 16GB LPDDR5-6400MHz | H8: 16GB LPDDR5-6400MHz | I8: 16GB LPDDR5-6400MHz | J8: 16GB 7500Mhz LPDDR5X (onboard)
A9: Storage | B9: 512GB M.2 2280 NVMe™ PCIe® 4.0 x4 Gen 4 SSD up to 2TB | C9: 1TB PCIe® 4.0 NVMe™ M.2 SSD (2280) | D9: 512GB PCIe® 4.0 NVMe™ M.2 SSD (2230) | E9: 512GB PCIe® 4.0 NVMe™ M.2 SSD (2230) | F9: 1TB NVMe SSD Gen4x4 2230 | G9: 512GB NVMe SSD Gen4x4 2230 | H9: 512GB NVMe SSD Gen4x4 2230 | I9: 1TB NVMe SSD Gen4x4 2230 | J9: Up to 1TB PCIe 4.0 NVMe M.2 2242
A10: I/O Ports | B10: 2 x Type-C 40Gbps_x000B_ Micro SD Card (SD4.0) | C10: 1x 3.5mm Combo Audio Jack 1x USB 3.2 Gen 2 Type-C support DisplayPort™ / power delivery 1x Type C support USB 4 (Thunderbolt™ 4 compliance, DisplayPort™ 1.4 with Freesync support, Power Delivery 3.0) 1x UHS-II microSD card reader (supports SD, SDXC and SDHC) | D10: 1x 3.5mm Combo Audio Jack 1x ROG XG Mobile Interface and USB Type-C combo port (with USB 3.2 Gen2, support DisplayPort™ 1.4) 1x UHS-II microSD card reader (supports SD, SDXC and SDHC) | E10: 1x 3.5mm Combo Audio Jack 1x ROG XG Mobile Interface and USB Type-C combo port (with USB 3.2 Gen2, support DisplayPort™ 1.4) 1x UHS-II microSD card reader (supports SD, SDXC and SDHC) | F10: 1x Audio Combo (1/8") 1x Thunderbolt™ 4 1x HDMI card reader:SD4.0 | G10: 1x Audio Combo (1/8") 1x Thunderbolt™ 4 1x HDMI card reader:SD4.0 | H10: 1x Audio Combo (1/8") 1x Thunderbolt™ 4 1x HDMI card reader:SD4.0 | I10: 1x Audio Combo (1/8") 1x Thunderbolt™ 4 1x HDMI card reader:SD4.0 | J10: 1x Headphone / mic combo 2x USB-C 4.0 (DisplayPort™ 1.4, Power Delivery 3.0) 1x MicroSD card reader (supports up to 2TB)
A11: Control and Input | B11: A B X Y D-Pad LB/RB Bumpers LS/RS Sticks LT/RT Hall linear triggers Power-on button support fingerprint power-on Volume button Select button Start button Home button (Long press XBOX key) Pop-up keyboard button Quick button (Long press Game Assistant Energy Saving button | C11: A B X Y buttons D-pad ??? L & R Hall Effect analog triggers L & R bumpers View button Menu button Command Center button Armoury Crate button ??? 2 x assignable grip buttons Thumbsticks: 2 x full-size analog sticks Haptics: HD haptics ??? Gyro:6-Axis IMU ??? | D11: A B X Y buttons D-pad L & R Hall Effect analog triggers L & R bumpers View button Menu button Command Center button Armoury Crate button 2 x assignable grip buttons Thumbsticks: 2 x full-size analog sticks Haptics: HD haptics Gyro:6-Axis IMU | E11: A B X Y buttons D-pad L & R Hall Effect analog triggers L & R bumpers View button Menu button Command Center button Armoury Crate button 2 x assignable grip buttons Thumbsticks: 2 x full-size analog sticks Haptics: HD haptics Gyro:6-Axis IMU | F11: Hall Effect Joysticks and Triggers??? | G11: Hall Effect Joysticks and Triggers | H11: Hall Effect Joysticks and Triggers | I11: Hall Effect Joysticks and Triggers | J11: Legion L/R ABXY buttons D-pad L & R hall effect joysticks L & R bumpers L & R analog triggers Legion L & R buttons View button (L) Menu button (L) Trackpad (R) 6x assignable grip buttons Mouse wheel (R) Mouse sensor (R) 2x controllers release buttons Haptics: HD Haptics Gyro: 6-Axis IMU
A12: Audio | B12: Speaker: 2 x 1W Microphone: 2 x D-MIC Audio Jack: 3.5mm CTIA | C12: AI noise-canceling technology Hi-Res certification (for headphone) Smart Amp Technology ??? Dolby Atmos Built-in array microphone 2-speaker system with Smart Amplifier Technology | D12: AI noise-canceling technology Hi-Res certification (for headphone) Dolby Atmos Built-in array microphone 2-speaker system with Smart Amplifier Technology | E12: AI noise-canceling technology Hi-Res certification (for headphone) Dolby Atmos Built-in array microphone 2-speaker system with Smart Amplifier Technology | F12: 2x2W Speakers Hi-Res | G12: 2x2W Speakers Hi-Res | H12: 2x2W Speakers Hi-Res | I12: 2x2W Speakers Hi-Res | J12: 2 x 2W Speakers Dual-array near-field microphone
A13: WLAN | B13: Wi-Fi 6E(802.11ax) | C13: Wi-Fi 6E(802.11ax) (Triple band) 2*2 | D13: Wi-Fi 6E(802.11ax) (Triple band) 2*2 | E13: Wi-Fi 6E(802.11ax) (Triple band) 2*2 | F13: Killer WiFi 7 BE1750 | G13: Killer WiFi 7 BE1750 | H13: Killer WiFi 7 BE1750 | I13: Killer WiFi 7 BE1750 | J13: Wi-Fi® 6E RZ616, 802.11ax 2x2
A14: Bluetooth | B14: 5.3 | C14: 5.2 | D14: 5.2 | E14: 5.2 | F14: 5.4 | G14: 5.4 | H14: 5.4 | I14: 5.4 | J14: 5.3
A15: Battery | B15: 50.04Wh Li-Polymer | C15: 80WHrs, 4S1P, 4-cell Li-ion | D15: 40WHrs, 4S1P, 4-cell Li-ion | E15: 40WHrs, 4S1P, 4-cell Li-ion | F15: 53Whr, 6 cell Li-ion | G15: 53Whr, 6 cell Li-ion | H15: 53Whr, 6 cell Li-ion | I15: 53Whr, 6 cell Li-ion | J15: 49.2WHr, 2-cell Super Rapid Charge( (10min charge 0~30% capacity, 30min charge 0~70% capacity, 80min charge 0~100% capacity) Controller battery capacity: 900mah
A16: Power Supply | B16: 65W Type-C AC Adapter | C16: TYPE-C, 65W AC Adapter, Output: 20V DC, 3.25A, 65W, Input: 100~240V AC 50/60Hz universal | D16: TYPE-C, 65W AC Adapter, Output: 20V DC, 3.25A, 65W, Input: 100~240V AC 50/60Hz universal | E16: TYPE-C, 65W AC Adapter, Output: 20V DC, 3.25A, 65W, Input: 100~240V AC 50/60Hz universal | F16: 65W | G16: 65W | H16: 65W | I16: 65W | J16: • 65W USB-C® (3-pin) AC adapter, supports PD 3.0, 100-240V, 50-60Hz • 65W USB-C® slim (wall-mount) AC adapter, supports PD 3.0, 100-240V, 50-60Hz
A17: Customized SW | B17: Acer Game Space | C17: YES ??? | D17: YES | E17: YES | F17: YES(MSI Center M) | G17: YES(MSI Center M) | H17: YES(MSI Center M) | I17: YES(MSI Center M)
A18: Weight | B18: 670g | C18: 678 g (1.49 lbs) | D18: 608 g | E18: 608 g | F18: 678 g (1.49 lbs) | G18: 678 g (1.49 lbs) | H18: 678 g (1.49 lbs) | I18: 678 g (1.49 lbs) | J18: 854 g (1.88 lbs)
A19: Dimensions (W x D x H) | B19: 25.6 x 11.35 x 2.25 cm | C19: 28.6 x 11.1 x 2.47 ~ 3.69 cm (11.26" x 4.37" x 0.97" ~ 1.45") | D19: 28.0 x 11.1 x 2.12 ~ 3.24 cm (11.02" x 4.37" x 0.83" ~ 1.28") | E19: 28.0 x 11.1 x 2.12 ~ 3.24 cm (11.02" x 4.37" x 0.83" ~ 1.28") | F19: 29.39 x 11.71 x 2.12 cm (11.57" x 4.61" x 0.83") | G19: 29.39 x 11.71 x 2.12 cm (11.57" x 4.61" x 0.83") | H19: 29.39 x 11.71 x 2.12 cm (11.57" x 4.61" x 0.83") | I19: 29.39 x 11.71 x 2.12 cm (11.57" x 4.61" x 0.83") | J19: 29.88 x 13.1 x 4.07 cm (11.76 x 5.16 x 1.60 inches)
A20: Xbox Game Pass | B20: PC Game Pass_3 months | C20: Xbox Game Pass Ultimate_3 months | D20: N/A | E20: N/A | F20: N/A | G20: N/A | H20: N/A | I20: N/A | J20: N/A
A21: Security | B21: Fingerprint Sensor | C21: Built-in Fingerprint Sensor Microsoft Pluton security processor | D21: Built-in Fingerprint Sensor Microsoft Pluton security processor | E21: Built-in Fingerprint Sensor Microsoft Pluton security processor | F21: N/A | G21: N/A | H21: N/A | I21: power button with TPM | J21: Firmware TPM 2.0 integrated in SoC
A22: Docking
A23: Bag
A24: Price | C24: 799.99 | D24: 649.99 | E24: 499.99 | F24: 799 | G24: 749 | H24: 699 | I24: TBD | J24: 699

Sheet LAPTOP 2026
B2: MASTER SPEC SHEET - 2026 GAMING LAPTOP PROJECTS
I4: Project Terminated | K4: Transferred to Aspire
C5: Predator Helios 18 AI | D5: Predator Helios Neo 16S AI | E5: Predator Helios Neo 16S AI | F5: Predator Helios Neo 16 AI | G5: Predator Helios Neo 16 | H5: Predator Helios Neo 18 AI | I5: Acer Nitro 16 AI | J5: Acer Nitro 16 | K5: Acer Nitro Edge 16 AI | L5: Acer Nitro Edge 16 AI | M5: Acer Nitro V 16S AI | N5: Acer Nitro V 16 AI | O5: Acer Nitro V 16 AI | P5: Acer Nitro V 16 | Q5: Acer Nitro V 16 AI | R5: Acer Nitro V 17 | S5: Acer Nitro V 15 | T5: Acer Nitro V 16
C6: ='2026 Project'!K4 -> PH18-I71 | D6: ='2026 Project'!K8 -> PHN16S-I51 | E6: ='2026 Project'!K9 -> PHN16S-I71 | F6: ='2026 Project'!K6 -> PHN16-I71 | G6: ='2026 Project'!K7 -> PHN16-I31 | H6: ='2026 Project'!K5 -> PHN18-I71 | I6: ='2026 Project'!K11 -> AN16-A71 | J6: ='2026 Project'!K10 -> AN16-A91 | K6: ='2026 Project'!#REF! -> #REF! | L6: ='2026 Project'!K12 -> ANE16-N51 | M6: ='2026 Project'!K20 -> ANV16S-I51 | N6: ='2026 Project'!K13 -> ANV16-I51 | O6: ='2026 Project'!K14 -> ANV16-A71 | P6: ='2026 Project'!K16 -> ANV16-I31 | Q6: ='2026 Project'!K15 -> ANV16-A31 | R6: ='2026 Project'!K18 -> ANV17-I31 | S6: ='2026 Project'!K19 -> ANV15-A31 | T6: ='2026 Project'!K17 -> ANV16-I11
B7: SPEC | C7: Valour_ARX | D7: FPACE_PTB | E7: FPACE_ARX | F7: MacanS_ARX | G7: MacanS_RTX | H7: iX2_ARX | I7: Mufasa_GG | J7: Mufasa_FRX | K7: Urus_PTW | L7: Urus_Ni | M7: Sorento_PTZ | N7: Picanto_PTZ | O7: Picanto_GG | P7: Picanto_RTH | Q7: Picanto_HKH | R7: Sportswagon_RTH | S7: Sportage2_RBH | T7: Delhi_RTX
B9: Unique Feature | C9: 6th Gen AeroBlade 3D Fans MegKey 4.0 6 Speakers with Predator Vox 4K Mini LED Calman Verified Dual-mode Display (4K) Thunderbolt 5 WiFi 7 | D9: Slim Copilot+ PC OLED Display Metal Chassis (A/D) Calman Verified | E9: Slim OLED Display Metal Chassis (A/D) Calman Verified | F9: OLED Display Calman Verified | H9: ACR Film (Ambient Contrast Ratio) | I9: Copilot+ PC | K9: Ultra Thin UMA Copilot+ PC OLED Display Metal Chassis (A/D) Anti-fingerprint Coating (A/D) | L9: Ultra Thin UMA OLED 2.8K Copilot+ PC (TBC) WiFi 7 Metal Chassis (A/D) | M9: Slim Copilot+ PC Camera Shutter Metal Chassis (A/D) | N9: Copilot+ PC Camera Shutter | O9: Copilot+ PC Camera Shutter | P9: Camera Shutter | Q9: Camera Shutter
B11: AI Feature | C11: Acer Intelligence Space | D11: Acer Intelligence Space | E11: Acer Intelligence Space | F11: Acer Intelligence Space | G11: Acer Intelligence Space | H11: Acer Intelligence Space | I11: Acer Intelligence Space | J11: Acer Intelligence Space | K11: Acer Intelligence Space | L11: Acer Intelligence Space | M11: Acer Intelligence Space | N11: Acer Intelligence Space | O11: Acer Intelligence Space | P11: Acer Intelligence Space | Q11: Acer Intelligence Space | R11: Acer Intelligence Space | S11: Acer Intelligence Space | T11: Acer Intelligence Space (TBC)
B13: Processor | C13: Intel Core Ultra 9 processor 290HX Plus (Arrow Lake-HX R) | D13: Intel Core Ultra 9 processor 386H Intel Core Ultra 7 processor 356H (Panthern Lake-H484) | E13: Intel Core Ultra 9 processor 290HX Plus Intel Ultra 7 processor 270HX Plus (Arrow Lake-HX R) | F13: Intel Core Ultra 9 processor 290HX Plus Intel Ultra 7 processor 270HX Plus (Arrow Lake-HX R) | G13: Intel Core i9 processor 14900HX Intel Core i7 processor 14650HX Intel Core i5 processor 14450HX (Raptor Lake-HX R) | H13: Intel Core Ultra 9 processor 290HX Plus Intel Ultra 7 processor 270HX Plus (Arrow Lake-HX R) | I13: AMD Ryzen AI 400 Series AMD Ryzen AI 7 450 (Gorgon Point) | J13: AMD Ryzen™ 9000 Series AMD Ryzen™ 9 9955HX3D processor AMD Ryzen™ 9 9955HX processor (Fire Rang) | K13: Intel Core Ultra processor H12Xe (Panther Lake) | L13: NVIDIA N1 | M13: Intel Core Ultra 7 processor 355 (Panther Lake-404) | N13: Intel Core Ultra 7 processor 355 Intel Core Ultra 5 processor 325 (Panther Lake-404) | O13: AMD Ryzen™ AI 400 Series processor AMD Ryzen™ AI 9 465 processor AMD Ryzen™ AI 7 450 processor (Gorgon Point) | P13: Intel® Core™ 9 processor 270H Intel® Core™ 7 processor 240H Intel® Core™ 5 processor 210H (Raptor Lake-H R) | Q13: AMD Ryzen 200 Series AMD Ryzen 9 270 AMD Ryzen 7 260 AMD Ryzen 5 240 (Hawk Point) | R13: Up to Intel® Core™ 9 processor 270H Intel® Core™ 7 processor 240H Intel® Core™ 5 processor 210H (Raptor Lake-H R) | S13: AMD Ryzen 100 Series AMD Ryzen 7 170 AMD Ryzen 5 150 (Rembrandt R) | T13: Intel Core i9-14900HX processor Intel Core i7-14650HX processor Intel Core i5-14450HX processor (Raptor Lake-HX R)
B14: Processor AI TOPS [up to] | C14: TBC | D14: TBC | E14: TBC | F14: TBC | G14: NA | H14: TBC | I14: TBC | J14: TBC | K14: TBC | L14: TBC | M14: TBC | N14: TBC | O14: 50 | P14: TBC | R14: NA | S14: NA | T14: TBC
B15: Processor Power | C15: TBC | D15: TBC | E15: TBC | F15: TBC | G15: TBC | H15: TBC | I15: TBC | J15: TBC | K15: TBC | L15: TBC | M15: TBC | N15: TBC | O15: 54 | P15: TBC | R15: TBC | S15: 54 | T15: TBC
B16: Intel Application Optimization [APO] | C16: Yes | D16: Yes | E16: Yes | F16: Yes | G16: Yes | H16: Yes | I16: NA | J16: NA | K16: TBC | L16: NA | M16: Yes | N16: Yes | O16: NA | P16: TBC | Q16: NA | R16: Yes | S16: NA | T16: TBC
B18: Graphic Card | C18: NVIDIA® GN22-X11/X9 NVIDIA® RTX 5090 NVIDIA® RTX 5080 VRAM: 24GB/16GB GDDR7 | D18: NVIDIA® GN22-X6/X4 NVIDIA® RTX 5070 NVIDIA® RTX 5060 VRAM: 12GB/8GB GDDR7 | E18: NVIDIA® GN22-X9/X7/X6 NVIDIA® RTX 5080 NVIDIA® RTX 5070 Ti NVIDIA® RTX 5070 VRAM: 16GB/12GB/8GB GDDR7 | F18: NVIDIA® GN22-X9/X7/X6/X4 NVIDIA® RTX 5080 NVIDIA® RTX 5070 Ti NVIDIA® RTX 5070 NVIDIA® RTX 5060 VRAM: 16GB/12GB/8GB GDDR7 | G18: NVIDIA® GN22-X6/X4/X2 NVIDIA® RTX 5070 NVIDIA® RTX 5060 NVIDIA® RTX 5050 VRAM: 12GB/8GB GDDR7 | H18: NVIDIA® GN22-X9/X7/X6/X4 NVIDIA® RTX 5080 NVIDIA® RTX 5070 Ti NVIDIA® RTX 5070 NVIDIA® RTX 5060 VRAM: 16GB/12GB/8GB GDDR7 | I18: NVIDIA® GN22-X6/X4 NVIDIA® RTX 5070 NVIDIA® RTX 5060 VRAM: 8GB GDDR7 | J18: NVIDIA® GN22-X7/X6 NVIDIA® RTX 5070 Ti NVIDIA® RTX 5070 VRAM: 12GB/8GB GDDR7 | K18: UMA Up to Intel® Core Ultra 9 Up to Intel® Core Ultra 7 Up to Intel® Core Ultra 5 w/ built-in Intel® Arc GPU | L18: UMA | M18: NVIDIA® GN22-X6/X4 NVIDIA® RTX 5070 NVIDIA® RTX 5060 VRAM: 8GB GDDR7 | N18: NVIDIA® GN22-X6/X4/X2 NVIDIA® RTX 5070 NVIDIA® RTX 5060 NVIDIA® RTX 5050 VRAM: 8GB GDDR7 | O18: NVIDIA® GN22-X6/X4/X2 NVIDIA® RTX 5070 NVIDIA® RTX 5060 NVIDIA® RTX 5050 VRAM: 8GB GDDR7 | P18: NVIDIA® GN22-X6/X4/X2 NVIDIA® RTX 5070 NVIDIA® RTX 5060 NVIDIA® RTX 5050 VRAM: 8GB GDDR7 | Q18: NVIDIA® GN22-X6/X4/X2 NVIDIA® RTX 5070 NVIDIA® RTX 5060 NVIDIA® RTX 5050 VRAM: 8GB GDDR7 | R18: NVIDIA® GN22-X6/X4/X2 NVIDIA® RTX 5070 NVIDIA® RTX 5060 NVIDIA® RTX 5050 VRAM: 8GB GDDR7 | S18: NVIDIA® GN22-X6/X4/X2 NVIDIA® RTX 5070 NVIDIA® RTX 5060 NVIDIA® RTX 5050 VRAM: 8GB GDDR7 | T18: NVIDIA® GN22-X4/X2 NVIDIA® RTX 5060 NVIDIA® RTX 5050 VRAM: 8GB GDDR7
B19: Total Graphic Power [TGP] | C19: 150w | D19: 100W | E19: 100W | F19: 150W | G19: 100W | H19: 150W | I19: TBC | J19: TBC | K19: NA | L19: NA | M19: 70W | N19: 70W | O19: 70W | P19: 60W | Q19: 70W | R19: 60W | S19: 60 W | T19: 115W
B20: Dynamic Boost | C20: 25W | D20: 15W | E20: 15W | F20: 25W | G20: 15W | H20: 25W | I20: TBC | J20: TBC | K20: NA | L20: NA | M20: 15W | N20: 15W | O20: 15W | P20: 15W | Q20: 15W | R20: 15W | S20: 15 W | T20: 25W
B21: Max Graphic Power [MGP] | C21: 175W | D21: 115W | E21: 115W | F21: 175W | G21: 115W | H21: 175W | I21: TBC | J21: TBC | K21: NA | L21: NA | M21: 85W | N21: 85W | O21: 85W | P21: 75W | Q21: 85W | R21: 75 W | S21: 75 W | T21: 140W
B22: CPU + GPU Total Design Power [TDP] | C22: 95W+175W=270W | D22: 35W+100W=135W | E22: TBC | F22: Up to 60W+150W=210W | G22: TBC | H22: TBC | I22: TBC | J22: TBC | K22: NA | L22: NA | M22: 30W+70W=100W | N22: 30W+70W=100W | O22: 30W+70W=100W | P22: 30W+70W=100W | Q22: 30W+70W=100W | R22: 35W+60W=95W | S22: 30W+60W=90W | T22: 50W+115W=165W
B23: GPU AI TOPS [up to] | C23: 1824 | D23: 798 | E23: 1334 | F23: 1334 | G23: 798 | H23: 1334 | I23: TBC | J23: 992 | K23: NA | L23: NA | M23: 798 | N23: 798 | O23: 798 | P23: 798 | Q23: 798 | R23: 798 | S23: 798 | T23: 572
B24: NVIDIA Advanced Optimus | C24: Yes | D24: Yes | E24: Yes | F24: Yes | G24: No | H24: Yes | I24: Yes | J24: Yes | K24: NA | L24: NA | M24: NA | N24: No | O24: No | P24: No | Q24: No | R24: No | S24: No | T24: No
B25: MUX Switch | C25: Yes | D25: Yes | E25: Yes | F25: Yes | G25: Yes | H25: Yes | I25: Yes | J25: Yes | K25: NA | L25: NA | M25: Yes | N25: Yes | O25: Yes | P25: Yes | Q25: Yes | R25: Yes | S25: Yes | T25: Yes
B27: Display [Panel, Resolution, Refresh Rate,Response time, Color Gamut, Brightness] | C27: Size: 18.0" Ratio: 16:10 Mini LED, WQUXGA 4K, 120Hz, 3ms, SDR mode 600 nits / HDR mode 1000 nits, DCI-P3 100%, Calman Verified, Support DUAL-MODE DISPLAY Mini LED, WQXGA 2560 x 1600, 250Hz, 3ms, SDR mode 600 nits / HDR mode 1000 nits, DCI-P3 100%, Calman Verifired | D27: Size: 16" Ratio: 16:10 OLED WQXGA 2560 x 1600, 500 nits, 165 Hz, 1ms, DCI-P3 100%, Calman Verified HDR Trueblack 1000 | E27: Size: 16" Ratio: 16:10 OLED WQXGA 2560 x 1600 240 Hz, 1ms, DCI-P3 100%, Calman Verified, HDR Trueblack 600 OLED WQXGA 2560 x 1600 165 Hz, DCI-P3 100%, 3ms | F27: Size: 16.0" Ratio: 16:10 OLED WQXGA 2560 x 1600, 165Hz, 1ms, 500 nits, DCI-P3 100%, Calman Verified WQXGA 2560 x 1600, 240Hz, 500 nits, DCI-P3 100%, 3ms WQXGA 2560 x 1600, 180Hz, 400 nits, sRGB 100%, 3ms | G27: Size: 16.0" Ratio: 16:10 WQXGA 2560 x 1600, 180Hz, 400 nits, sRGB 100%, 3ms WUXGA 1920 x 1200, 180 Hz 400 nits, sRGB 100%, 3ms | H27: Size: 18.0" Ratio: 16:10 WQXGA 2560 x 1600, 240Hz, 500 nits, DCI-P3 100%, 9ms, ACR WQXGA 2560 x 1600, 165Hz, 300 nits, sRGB 100%, 3ms | I27: 16" 16:10 WQXGA 2560 x 1600 /180Hz/400 nits/3ms/sRGB 100% WUXGA 1920 x 1200, 180 Hz | J27: 16" 16:10 WQXGA 2560 x 1600, 240Hz, 500 nits, 3ms DCI-P3 % WQXGA 2560 x 1600, 180Hz, 400 nits, 9ms, sRGB 100% | K27: 16" 16:10 OLED WQXGA+ 2880 x 1800 | L27: 16" 16:10 OLED 2.8K 120Hz WUXGA 180 Hz | M27: Size: 16.0" Ratio: 16:10 WUXGA 1920 x 1200/180Hz 9ms sRGB 100% WUXGA 1920 x 1200/120Hz 25ms sRGB 100% | N27: Size: 16.0" Ratio: 16:10 WUXGA 1920 x 1200/180Hz sRGB 100% WUXGA 1920 x 1200/165Hz NTSC 45% | O27: Size: 16.0" Ratio: 16:10 WUXGA 1920 x 1200/180Hz/3ms/sRGB 100% | P27: Size: 16.0" Ratio: 16:10 WUXGA 1920 x 1200/180Hz sRGB 100% WUXGA 1920 x 1200/120Hz sRGB 100% | Q27: Size: 16.0" Ratio: 16:10 WUXGA 1920 x 1200/180Hz sRGB 100% WUXGA 1920 x 1200/165Hz sRGB 100% | R27: Size: 17.3" Ratio: 16:9 FHD/144hz/25ms/NTSC 45%/250nits | S27: Size: 15.6" Ratio: 16:9 Full HD 1920 x 1080, 180Hz, 3ms, 300 nits, sRGB 100% Full HD 1920 x 1080, 165Hz, 300 nits, NTSC 45% | T27: Size: 16.0" Ratio: 16:10 WUXGA 1920 x 1200 165Hz 8nits 400 nits sRGB 100%
B28: Screen To Body Ratio [STB] | C28: 0.9047 | D28: 0.9087 | E28: 0.9087 | F28: 0.91 | G28: 0.91 | H28: 0.902 | I28: 0.9077 | J28: 0.9077 | K28: 0.8645 | L28: 0.8645 | M28: 0.84 | N28: 0.848 | O28: 0.848 | P28: 0.8484 | Q28: 0.848 | R28: 0.843 | S28: 0.8264
B29: G-SYNC (Level) | C29: Yes | D29: Yes | E29: Yes | F29: Yes | G29: No | H29: Yes | I29: Yes | J29: Yes | K29: No | L29: NA | M29: No | N29: No | O29: No | P29: No | Q29: No | R29: No | S29: No | T29: No
B30: FreeSync (Level) | C30: NA | D30: NA | E30: NA | F30: NA | G30: NA | H30: NA | I30: Yes | J30: Yes | K30: NA | L30: NA | M30: NA | N30: NA | O30: Yes | P30: NA | Q30: Yes | R30: NA | S30: Yes | T30: NA
B31: HDR (High Dynamic Range) | C31: Yes | D31: Yes | E31: Yes | F31: Yes | G31: No | H31: No | I31: No | J31: No | K31: Yes | L31: Yes | M31: No | N31: No | O31: No | P31: No | Q31: No | R31: No | S31: No | T31: No
B33: Thermal Solution
B34: Cooling Fan Material & Qty | C34: 6th Gen AeroBlade Metal Fan*2 | D34: 5th Gen AeroBlade Metal Fan*1 Plastic Fan*1 | E34: 5th Gen AeroBlade Metal Fan*1 Plastic Fan*1 | F34: 5th Gen AeroBlade Metal Fan*1 Plastic Fan*1 | G34: 5th Gen AeroBlade Metal Fan*1 Plastic Fan*1 | H34: 5th Gen AeroBlade Metal Fan*1 Plastic Fan*1 | I34: Plastic Fan*2 Dual-fan quad-intake quad-exhaust | J34: Plastic Fan*2 Dual-fan quad-intake quad-exhaust | K34: Plastic Fan*2 Dual-fan dual-intake dual-exhaust | L34: Plastic Fan*2 Dual-fan dual-intake dual-exhaust | M34: Plastic Fan*2 Dual-fan dual-intake dual-exhaust | N34: Plastic Fan*2 Dual-fan dual-intake dual-exhaust | O34: Plastic Fan*2 Dual-fan dual-intake dual-exhaust | P34: Plastic Fan*2 Dual-fan dual-intake dual-exhaust | Q34: Plastic Fan*2 Dual-fan dual-intake dual-exhaust | R34: Plastic Fan*2 Dual-fan dual-intake dual-exhaust | S34: Plastic Fan*2 Dual-fan dual-intake dual-exhaust | T34: Plastic Fan*2 Dual-fan dual-intake dual-exhaust
B35: Liquid Metal Thermal Grease | C35: Yes | D35: Yes | E35: Yes | F35: Yes | G35: No | H35: Yes | I35: Yes | J35: No | K35: No | L35: No | M35: No | N35: No | O35: No | P35: No | Q35: No | R35: No | S35: No | T35: No
B36: Vector Heat Pipes | C36: Yes | D36: No | E36: No | F36: Yes | G36: Yes | H36: Yes | I36: Yes | J36: Yes | K36: No | L36: No | M36: No | N36: No | O36: No | P36: No | Q36: No | R36: No | S36: No | T36: No
B37: Vortex Flow | C37: No | D37: No | E37: No | F37: No | G37: No | H37: No | I37: No | J37: No | K37: Yes | L37: Yes | M37: No | N37: No | O37: No | P37: No | Q37: No | R37: No | S37: No | T37: No
B38: Vapor Chamber | C38: No | D38: No | E38: No | F38: No | G38: No | H38: No | I38: No | J38: No | K38: No | L38: No | M38: No | N38: No | O38: No | P38: No | Q38: No | R38: No | S38: No | T38: No
B40: Memory | C40: Up to 256 GB DDR5 4000 MT/s (TBC) (64GB x4 CSO-DIMM) | D40: Up to 64 GB DDR5 6400 MT/s | E40: Up to 64 GB DDR5 6400 MT/s (TBD) | F40: Up to 64GB DDR5 6400 MT/s | G40: Up to 32 GB DDR5 5600 MT/s | H40: Up to 64 GB (TBC) DDR5 6400 MT/s | I40: Up to 32 GB DDR5 5600 MT/s | J40: Up to 32 GB DDR5 5600 MT/s | K40: Up to 32GB LPDDR5X | L40: Up to 32 GB LPDDR5X | M40: Up to 32 GB DDR5 5600 MT/s | N40: Up to 32 GB DDR5 5600 MT/s | O40: Up to 32 GB DDR5 5600 MT/s SO-DIMM*2 | P40: Up to 32 GB DDR5 5600 MT/s | Q40: Up to 32 GB DDR5 5600 MT/s SO-DIMM*2 | R40: Up to 32 GB DDR5 5600 MT/s SO-DIMM*2 | S40: Up to 32 GB DDR5 4800 MT/s SO-DIMM*2 | T40: Up to 32 GB DDR5 5600 MT/s
B41: Storage | C41: Up to 6 TB PCIe M.2 SSD Up to Gen 5*3 (HDD1-Gen5 PMP5 HDD2/HDD3 - Gen4 PM4) | D41: Up to 2 TB PCIe M.2 NVMe SSD Gen 4*2 | E41: Up to 2 TB PCIe M.2 SSD Gen 4*2 | F41: Up to 2 TB PCIe M.2 SSD Gen 4*2 or PCIe M.2 Gen 4 SSD SSD slot: 2 Up to 2 TB | G41: Up to 2 TB PCIe M.2 NVMe SSD Gen 4*2 | H41: Up to 2 TB PCIe M.2 SSD Gen 4*2 | I41: Up to 2 TB PCIe M.2 SSD Gen 4*2 | J41: Up to 2 TB PCIe M.2 SSD Gen 4*2 | K41: Up to 2 TB PCIe M.2 SSD Gen 5*1 (TBD) + Gen 4*1 | L41: Up to 2 TB PCIe M.2 SSD Gen 4*2 | M41: Up to 2 TB PCIe M.2 SSD Gen 4*2 | N41: Up to 2 TB PCIe M.2 SSD Gen 4*2 | O41: Up to 2 TB PCIe M.2 SSD Gen 4*2 | P41: Up to 2 TB PCIe M.2 SSD Gen 4*2 | Q41: Up to 2 TB PCIe M.2 SSD Gen 4*2 | R41: Up to 1 TB PCIe M.2 SSD Gen 4*2 | S41: Up to 1 TB PCIe M.2 NVMe SSD Gen 4*1 | T41: Up to 2 TB PCIe M.2 SSD Gen 4*2
B43: Wi-FI | C43: Kiler 1750x Wi-Fi 7 | D43: Killer Wi-Fi 6E 1675i | E43: Killer Wi-Fi 6E 1675i | F43: Killer Wi-Fi 6E 1675i | G43: Killer Wi-Fi 6E 1675i | H43: Killer Wi-Fi 6E 1675i | I43: Wi-Fi 6E RZ616:E | J43: Wi-Fi 6E RZ616:E | K43: Killer Wi-Fi 6E 1675i | L43: WiFi 7 M&7925 | M43: Killer Wi-Fi 6E | N43: Killer Wi-Fi 6E 1675i / AX211 | O43: Wi-Fi 6E | P43: Killer Wi-Fi 6 1650i | Q43: Wi-Fi 6E | R43: Wi-Fi 6 | S43: Wi-Fi 6E | T43: Wi-Fi 6E AX211
B44: Bluetooth | C44: 5.4 or above | D44: 5.3 or above | E44: 5.4 or above | F44: 5.4 or above | G44: 5.4 or above | H44: 5.3 or above | I44: 5.3+ | J44: 5.3+ | K44: 5.3+ | L44: 5.4 | M44: 5.2 | N44: 5.3 | O44: 5.4 | P44: 5.2 | Q44: 5.4 | R44: 5.4 or above | S44: 5.4 or above | T44: 5.2
B45: LAN | C45: Killer™ Ethernet E5000B | D45: Killer™ Ethernet E3100G | E45: Killer™ Ethernet E3100G | F45: Killer™ Ethernet E3100G | G45: Killer™ Ethernet E3100G | H45: Killer™ Ethernet E3100G | I45: Killer™ Ethernet E3100G | J45: Killer™ Ethernet E3100G | K45: Killer™ Ethernet E3100G | L45: Realtek RTL8125BGS-CG | M45: Killer™ Ethernet E2600 | N45: Killer™ Ethernet E2600 | O45: Killer™ Ethernet E2600 | P45: Killer™ Ethernet E2600 | Q45: Killer™ Ethernet E2600 | R45: Killer™ Ethernet E2600 | S45: Killer™ Ethernet E2600 | T45: Supports 10/100/1000 Mb/sec
B46: Battery [W] | C46: 99 Wh | D46: 92 Wh | E46: 92 Wh | F46: 92 Wh | G46: 92 Wh | H46: 92Wh | I46: 92 Wh | J46: 92 Wh | K46: 84 Wh | L46: 84 Wh | M46: 76 Wh | N46: 76 Wh | O46: 76 Wh | P46: 76 Wh | Q46: 76 Wh | R46: 76 Wh | S46: 76 Wh | T46: 53 Wh
B47: AC Power Adapter | C47: 400W | D47: 230W | E47: 230W | F47: 330W | G47: 330W | H47: 330W | I47: 230W | J47: 330W | K47: 100W via Type C | L47: 100W via Type C | M47: 180W | N47: 180W | O47: 180W | P47: 135W | Q47: 180W | R47: 135W | S47: 135W | T47: 180W
B48: I/O Ports | C48: TypeC Thunderbolt™ 5*2 Type A USB 3.2 Gen 1*1 USB 3.2 Gen 2*1 (one with offline charging) USB 3.2 Gen 1*1 HDMI 2.1*1 SD™ Card reader*1 3.5mm Combo Audio Jack*1 RJ-45*1 DC-In*1 K-lock*1 | D48: TypeC Thunderbolt™ 4*1 USB 3.2 Gen 2*1 (Full Function) Type A USB 3.2 Gen 2*2 (one with offline charging) USB 3.2 Gen 1*1 HDMI 2.1*1 microSD™ Card reader*1 3.5mm Combo Audio Jack*1 RJ-45*1 DC-In *1 | E48: TypeC Thunderbolt™ 4*1 USB 3.2 Gen 2*1 (Full Function) Type A USB 3.2 Gen 2*2 (one with offline charging) USB 3.2 Gen 1*1 HDMI 2.1*1 microSD™ Card reader*1 3.5mm Combo Audio Jack*1 RJ-45*1 DC-In *1 | F48: TypeC Thunderbolt™ 4*1 USB 3.2 Gen 2*1 (Full Function) Type A USB 3.2 Gen 2*2 (one with offline charging) USB 3.2 Gen 1*1 HDMI 2.1*1 microSD™ Card reader*1 3.5mm Combo Audio Jack*1 RJ-45*1 DC-In*1 K-lock*1 | G48: TypeC Thunderbolt™ 4*2 Type A USB 3.2 Gen 2*2 (one with offline charging) USB 3.2 Gen 1*1 HDMI 2.1*1 microSD™ Card reader*1 3.5mm Combo Audio Jack*1 RJ-45*1 DC-In*1 K-lock*1 | H48: TypeC Thunderbolt™ 4*1 USB 3.2 Gen 2 Full Function*1 Type A USB 3.2 Gen 2*2 (one with offline charging) USB 3.2 Gen 1*1 HDMI 2.1*1 microSD™ Card reader*1 3.5mm Combo Audio Jack*1 RJ-45*1 DC-In*1 K-lock*1 | I48: Type C USB4*1 (Full Function) Type A USB3.2 Gen2*2 (one with offline charging) USB2.0*1 HDMI 2.1*1 Micro SD card*1 Audio Jack*1 RJ45*1 K-lock*1 DC-In x 1 | J48: Type C USB4*1 (Full Function) Type A USB3.2 Gen2*2 (one with offline charging) USB2.0*1 HDMI 2.1*1 Micro SD card*1 Audio Jack*1 RJ45*1 K-lock*1 DC-In x 1 | K48: Type C Thunderbolt™ 4*2 (with PD) Type A USB3.2 Gen 2*1 (offline charging) USB3.2 Gen1*1 HDMI 2.1*1 MicroSD 3.0*1 Combo Jack*1 RJ45*1 | L48: Type C USB 3.2 Gen 2*2 (Full Function) Type A USB3.2 Gen 2*1 (offline charging) USB3.2 Gen1*1 HDMI 2.1*1 MicroSD 3.0 card*1 Combo Jack*1 RJ45*1 | M48: TypeC Thunderbolt™ 4*1 (with PD) Type A USB 3.2 Gen 2*1 (offline charging) USB 3.2 Gen 1*2 HDMI 2.1*1 3.5mm Combo Audio Jack*1 RJ-45*1 DC-In*1 K-lock*1 | N48: TypeC Thunderbolt™ 4*1 (with DP3.0) Type A USB 3.2 Gen 2*1 (offline charging) USB 3.2 Gen 1*2 HDMI 2.1*1 3.5mm Combo Audio Jack*1 RJ-45*1 DC-In*1 K-lock*1 | O48: TypeC USB4*1 (Full function) Type A USB 3.2 Gen 2*1 (offline charging) USB 3.2 Gen 1*2 HDMI 2.1*1 3.5mm Combo Audio Jack*1 RJ-45*1 DC-In*1 K-lock*1 | P48: TypeC Thunderbolt™ 4*1 (USB+PD+DP1.4) Type A USB 3.2 Gen 2*1 (offline charging) USB 3.2 Gen 1*2 HDMI 2.1*1 3.5mm Combo Audio Jack*1 RJ-45*1 DC-In*1 K-lock*1 | Q48: TypeC USB4*1 (Full function) Type A USB 3.2 Gen 2*1 (offline charging) USB 3.2 Gen 1*2 HDMI 2.1*1 3.5mm Combo Audio Jack*1 RJ-45*1 DC-In*1 K-lock*1 | R48: TypeC Thunderbolt 4*1 Type A USB3.2 Gen1 Gen 1*3 (one with offline charging) HDMI x 1 RJ45 x 1 Audio jack (combo) x 1 Realtek ALC245 DC-In x 1 K-lock x 1 | S48: TypeC USB4*1 40Gbps Type A USB3.2 Gen1*3 (one with offline charger) HDMI x 1 RJ45 x 1 Audio jack (combo) x 1 Realtek ALC245 DC-In x 1 K-lock x 1 | T48: TypeC USB 3.2 Gen2 Type C*2 Type A USB 3.2 Gen 2*1 (offline charging) USB 3.2 Gen 1*1 HDMI 2.1*1 3.5mm Combo Audio Jack*1 RJ-45*1 DC-In*1 K-lock*1
B49: Touchpad | C49: Yes | D49: Yes | E49: Yes | F49: Yes | G49: Yes | H49: Yes | I49: Yes | J49: Yes | K49: Yes | L49: Yes | M49: Yes | N49: Yes | O49: Yes | P49: Yes | Q49: Yes | R49: Yes | S49: Yes | T49: Yes
B50: Keyboard | C50: Per-Key RGB | D50: 4-Zone RGB | E50: 4-Zone RGB | F50: 4-Zone RGB | G50: 4-Zone RGB | H50: 4-Zone RGB | I50: 4-Zone RGB | J50: 4-Zone RGB | K50: 4-Zone RGB | L50: 4-Zone RGB | M50: 4-Zone RGB | N50: 4-Zone RGB | O50: 4-Zone RGB | P50: 4-Zone RGB | Q50: 4-Zone RGB | R50: 4-Zone RGB | S50: 4-Zone RGB | T50: 4-Zone RGB
B51: Audio | C51: DTS® X:Ultra Speaker*6 with Predator Vox | D51: DTS® X:Ultra Speaker*2 | E51: DTS® X:Ultra Speaker*2 | F51: DTS® X:Ultra Speaker*2 | G51: DTS® X:Ultra Speaker*2 | H51: DTS® X:Ultra Speaker*2 | I51: DTS® X:Ultra Speaker*2 | J51: DTS® X:Ultra Speaker*2 | K51: DTS® X:Ultra Speaker*2 | L51: DTS® X:Ultra Speaker*2 | M51: DTS® X:Ultra Speaker*2 | N51: DTS® X:Ultra Speaker*2 | O51: DTS® X:Ultra Speaker*2 | P51: DTS® X:Ultra Speaker*2 | Q51: DTS® X:Ultra Speaker*2 | R51: DTS® X:Ultra Speaker*2 | S51: DTS® X:Ultra Speaker*2 | T51: Sound Blaster™ Studio+ High Definition Audio Speakers*2
B52: Mic | C52: 3 | D52: 3 | E52: 3 | F52: 3 | G52: 3 | H52: 3 | I52: 3 | J52: 3 | K52: 3 | L52: 3 | M52: 3 | N52: 3 | O52: 3 | P52: 3 | Q52: 3 | R52: 2 | S52: 2 | T52: 3
B53: Camera Resolution | C53: FHD 1920 x 1080 IR | D53: FHD 1920 x 1080 IR | E53: FHD 1920 x 1080 IR | F53: FHD 1920 x 1080 IR | G53: FHD 1920 x 1080 | H53: FHD 1920 x 1080 IR | I53: FHD 1920 x 1080 IR FHD 1920 x 1080 w/o IR (TBD) | J53: FHD 1920 x 1080 IR | K53: FHD 1920 x 1080 IR Camera Shutter | L53: FHD 1920 x 1080 IR (USB Interface) Camera Shutter | M53: FHD 1920 x 1080 IR Camera Shutter | N53: FHD 1920 x 1080 IR Camera Shutter | O53: FHD 1920 x 1080 IR Camera Shutter | P53: FHD 1920 x 1080 Camera Shutter | Q53: FHD 1920 x 1080 Camera Shutter | R53: FHD 1920 x 1080 | S53: FHD 1920 x 1080 | T53: HD
B54: OS | C54: Windows 11 Home/Pro | D54: Windows 11 Home | E54: Windows 11 Home | F54: Windows 11 Home | G54: Windows 11 Home | H54: Windows 11 Home | I54: Windows 11 Home | J54: Windows 11 Home | K54: Windows 11 Home | L54: WoA (Windows of ARM) | M54: Windows 11 Home | N54: Windows 11 Home | O54: Windows 11 Home | P54: Windows 11 Home | Q54: Windows 11 Home | R54: Windows 11 Home | S54: Windows 11 Home | T54: Windows 11 Home
B55: PredatorSense/NitroSense | C55: PredatorSense | D55: PredatorSense | E55: PredatorSense | F55: PredatorSense | G55: PredatorSense | H55: PredatorSense | I55: NitroSense | J55: NitroSense | K55: NitroSense | L55: NitroSense | M55: NitroSense | N55: NitroSense | O55: NitroSense | P55: NitroSense | Q55: NitroSense | R55: NitroSense | S55: NitroSense | T55: NitroSense
B56: Xbox Game Pass | C56: 2-Month | D56: 2-Month | E56: 2-Month | F56: 2-Month | G56: 2-Month | H56: 2-Month | I56: 2-Month | J56: 2-Month | K56: 2-Month | L56: 2-Month | M56: 2-Month | N56: 2-Month | O56: 2-Month | P56: 2-Month | Q56: 2-Month | R56: 2-Month | S56: 2-Month | T56: 2-Month
B57: Windows Dynamic Lighting | C57: Yes | D57: No | E57: No | F57: No | G57: No | H57: No | I57: No | J57: No | K57: No | L57: No | M57: No | N57: No | O57: No | P57: No | Q57: No | R57: No | S57: No | T57: No
B59: Material [PCR %] | C59: A: Metal B: Plastic C: Plastic D: Plastic PCR: 30% | D59: A: Metal B: Plastic C: Plastic D: Metal PCR: 30% | E59: A: Aluminum B: Plastic C: Plastic D: Metal PCR: 30% | F59: A: Metal B: Plastic C: Plastic D: Plastic (PCR: 30%) | G59: A: Metal B: Plastic C: Plastic D: Plastic(PCR: 30%) | H59: A: Metal B: Plastic C: Plastic D: Plastic (PCR: 30%) | I59: A: Metal B: Plastic C: Plastic D: Plastic (PCR 35%) | J59: A: Metal B: Plastic C: Plastic D: Plastic (PCR 35%) | K59: A: Metal B: Plastic C: Plastic D: Metal | L59: A cover: Metal B cover: Plastic C cover: Plastic D cover: Metal | M59: A: Metal B: Plastic C: Plastic D: Metal | N59: A: Plastic (IMR) B: Plastic C: Plastic D: Plastic | O59: A: Plastic B: Plastic C: Plastic D: Plastic (30% PCR) | P59: A: Plastic (IMR) B: Plastic C: Plastic D: Plastic | Q59: A: Plastic B: Plastic C: Plastic D: Plastic (30% PCR) | R59: A: Plastic (IMR) B: P+R C: Plastic D: Plastic | S59: A: Plastic (IMR) B: P+R C: Plastic D: Plastic | T59: A: Metal B: Plastic C: Plastic D: Plastic
B60: Dimension [W*D*H] | C60: 400.96 x 307.9 x 17.3~29.55 mm mm | D60: B2: 356.78 x 275.5 x 12.0~18.9 mm | E60: B1[RTX 5080, 5070Ti]: 356.78 x 275.5 x 12.0~19.9 mm​ B2 [RTX 5070]: 356.78 x 275.5 x 12.0~18.9 mm | F60: B1: 356.78 x 275.5 x 13.47 / 26.75mm B2: 356.78 x 275.5 x 13.47 /23.90mm | G60: B1: 356.78 x 275.5 x 22.3 / 26.75mm B2 only but share B1 D-cover | H60: B1: 400.96 x 307.9 x 14.9~28.05mm B2: 400.96 x 307.9 x 14.9~25.2mm​ | I60: 356.78 x 275.5 x 22.05~23.65 mm | J60: 356.78 x 275.5 x 22.05~27.95 mm (B2) | K60: 354.7 x 258.72 x 10.02~15.9 mm | L60: 354.7 x 250.47 x 10.02~16.5 mm | M60: 356.5 x 260 x 10.3~17.9mm | N60: 356.5 x 260 x 11.37~19.9mm | O60: 356.5 x 260 x 11.37~19.9mm | P60: 356.5 x 260 x 11.37~19.9mm | Q60: 356.5 x 260 x 11.37~19.9mm | R60: 400.36 x 260.53 x 23.5 mm | S60: 362.3 x 239.89 x 15.7~23.5 mm | T60: TBC
B61: Weight | C61: 3.5 kg | D61: 2.2 kg | E61: 2.3 kg | F61: 2.7 kg | G61: 2.5 kg | H61: 3.4 kg | I61: 2.5 kg | J61: 2.5 kg | K61: <1.8 kg | L61: <1.8 kg | M61: <2.3 kg | N61: <2.15 kg | O61: <2.1 kg | P61: <2.1 kg | Q61: <2.1 kg | R61: 2.5 kg | S61: 2.1 kg | T61: TBC
B67: C close | C67: 2/E/2026 | D67: 2/B/2026 | E67: 3/M/2026 | F67: Q2/2026 | H67: Q2/2026 | K67: 1/E/2026 | N67: 2/B/2026 | O67: 2/B/2026 | P67: 46097
B68: FCS | D68: 46059 | E68: 46112 | F68: 46120 | G68: 46083 | H68: 46120 | I68: Project Canceled | J68: 46178 | K68: Transferred to Aspire | L68: 11/11/2026 (TBC) | M68: 46121 | N68: 46121 | O68: 46120 | P68: 46108 | Q68: 46120 | R68: 46148 | S68: 46014 | T68: 5/E/2026
B69: SPEC version
B70: PM | C70: Albert Pan | D70: Julia Huang | E70: Jessie Wang | F70: Ken Li | G70: Scott Hsu | H70: Shao Yu Wu | I70: Jessica YC Liu | J70: Jessica YC Liu | K70: Julia Huang | L70: Phoebe Chiu | M70: Jessie Wang | N70: Scott Hsu | O70: Wade Liu | P70: Phoebe Chiu | Q70: Wade Liu | R70: Albert Pan | S70: Wade Liu | T70: Albert Pan
B72: KSP Bullets | C72: Up to Intel® Core™ Ultra 9 processor 290HX Plus | D72: Up to Intel® Core™ Ultra 9 Processor 386H | E72: Up to Intel® Core™ Ultra 9 processor 290HX Plus | F72: Up to Intel® Core™ Ultra 9 processor 290HX Plus | G72: Up to Intel® Core™ i9 processor 14900HX | H72: Up to Intel® Core™ Ultra 9 processor 290HX Plus | J72: Up to AMD Ryzen™ 9 9955HX3D processor | M72: Up to Intel® Core™ Ultra 7 Processor 355 | N72: Up to Intel® Core™ Ultra 7 Processor 355 | O72: Up to AMD Ryzen™ AI 9 465 Processor | P72: Intel® Core™ 9 processor 270H | Q72: Up to AMD Ryzen™ 9 270 Processor | R72: Up to Intel® Core™ 9 processor 270H | S72: Up to AMD Ryzen™ 7 170 Processor | T72: Intel Core i9-14900HX processor
C73: Up to NVIDIA® GeForce RTX™ 5090 Laptop GPU (1824 TOPS) | D73: Up to NVIDIA® GeForce RTX™ 5070 Laptop GPU (798 TOPS) | E73: Up to NVIDIA® GeForce RTX™ 5080 Laptop GPU (1334 TOPS) | F73: Up to NVIDIA® GeForce RTX™ 5080 Laptop GPU (1334 TOPS) | G73: Up to NVIDIA® GeForce RTX™ 5070 Laptop GPU (798 TOPS) | H73: Up to NVIDIA® GeForce RTX™ 5080 Laptop GPU (1334 TOPS) | J73: Up to NVIDIA® GeForce RTX™ 5070 Ti Laptop GPU (992 TOPS) | M73: Up to NVIDIA® GeForce RTX™ 5070 Laptop GPU (798 TOPS) | N73: Up to NVIDIA® GeForce RTX™ 5070 Laptop GPU (798 TOPS) | O73: Up to NVIDIA® GeForce RTX™ 5070 Laptop GPU (798 TOPS) | P73: Up to NVIDIA® GeForce RTX™ 5070 Laptop GPU (798 TOPS) | Q73: Up to NVIDIA® GeForce RTX™ 5070 Laptop GPU (798 TOPS) | R73: Up to NVIDIA® GeForce RTX™ 5070 Laptop GPU (798 TOPS) | S73: Up to NVIDIA® GeForce RTX™ 5070 Laptop GPU (798 TOPS) | T73: Up to NVIDIA® GeForce RTX™ 5060 Laptop GPU (572 TOPS)
C74: Up to 18” Mini LED 4K HDR 1000 nits Display | D74: Thin Design <18.9mm, Metal Chassis | E74: Thin Metal Chassis Design <18.9mm | F74: Up to 16" OLED WQXGA 2560 x 1600 1ms Display | G74: Up to 16" WQXGA 2560 x 1600 180Hz Display | H74: Up to 16" WQXGA 2560 x 1600 240Hz Display | J74: Up to 16” WQXGA 2560 x 1600 240Hz Display | M74: Thin Design < 17.9 mm Metal Chassis | N74: Up to 16” 16:10 WUXGA 1920 x 1200 180Hz sRGB 100% Display | O74: Up to 16” 16:10 WUXGA 1920 x 1200 180Hz sRGB 100% Display | P74: Up to 16” 16:10 WUXGA 1920 x 1200 180Hz sRGB 100% Display | Q74: Up to 16” 16:10 WUXGA 1920 x 1200 180Hz sRGB 100% Display | R74: Up to 17.3” 16:9 FHD 1920 x 1080 144Hz Display | S74: Up to 15.6” 16:9 FHD 1920 x 1080 180Hz sRGB 1000% Display | T74: Up to 16" 16:10 WUXGA 1920 x 1200 165Hz sRGB 100% Display
C75: 6th Gen AeroBlade 3D Fans, World's Thinnest Metal Blades | D75: Up to 16” 16:10 OLED WQXGA 2560 x 1600 1ms Display | E75: Up to 16” OLED WQXGA 2560 x 1600 240 Hz Display | F75: 5th Gen AeroBlade 3D Fan | G75: 5th Gen AeroBlade 3D Fan | H75: 5th Gen AeroBlade 3D Fan | J75: Dual-Fan Quad-Intake Quad-Exhaust Cooling | M75: Up to 16" 16:10 WUXGA 1920 x 1200 180 Hz sRGB 100% Display | N75: FHD IR Webcam with Camera Shutter | O75: FHD IR Webcam with Camera Shutter | P75: FHD IR Webcam with Camera Shutter | Q75: FHD IR Webcam with Camera Shutter | R75: Dual-Fan Dual-Intake Dual-Exhaust Cooling | S75: Dual-Fan Dual-Intake Dual-Exhaust Cooling | T75: Dual-fan Duad-Intak Duad-Exhaust Cooling

Sheet DEKSTOP 2026
B2: MASTER SPEC SHEET - 2025 GAMING DESKTOP PROJECTS
B5: Marketing Name | C5: PREDATOR ORION 7000 | D5: PREDATOR ORION 3000 | E5: PREDATOR ORION NEO | F5: Acer Nitro 30 (AMD) | G5: Acer Nitro 30 (Intel) | H5: Acer Nitro 20 | I5: Acer Nitro 10 | J5: Acer Nitro 20 | K5: Acer Nitro 10
B6: Model Name | C6: PO7-667_Z890 | D6: PO3-667 (H810/H610) | E6: PON-100-ARLHX PON-100-RPLHX | F6: N30-101 (B850/A520) | G6: N30-101 (H810/H610) | H6: N20-101-MTL | I6: N10-101-MTL | J6: N20-110-ARLHX N20-110-RPLHX | K6: N10-110-ARLHX N10-110-RPLHX
B7: Project Name | C7: Agera | D7: PO3-665 | E7: ArteonRW | F7: PO3-665 | G7: PO3-665 | H7: TC102 | I7: XC102 | J7: vAnzioHX vAnconaHX | K7: vAnzioHX vAnconaHX
B9: Unique Feature | C9: Predator CycloneX 360 Predator CycloneX 360 + CPU Liquid Cooling
B11: AI Feature | C11: Acer Intelligence Space | D11: Acer Intelligence Space | E11: Acer Intelligence Space | F11: Acer Intelligence Space | G11: Acer Intelligence Space | H11: NA | I11: NA | J11: NA | K11: NA
B13: Processor | C13: Intel® Core Ultra 7 processor 270K Plus (Arrow Lake-S Refresh) | D13: Intel® Core Ultra 7 processor 265F Intel® Core™ Ultra 5 processor 225F | E13: Intel® Core Ultra 9 processor 290HX Plus Intel® Core™ Ultra 7 processor 270HX Plus Intel® Core™ i9-14900HX processor Intel® Core™ i7-14700HX processor | F13: AMD Ryzen 7 8700G AMD Ryzen 5 8500G AMD Ryzen 7 7700 AMD Ryzen 5 5600G | G13: Intel® Core Ultra 7 processor 265F Intel® Core™ Ultra 5 processor 225F | H13: Intel Core Ultra 5 processor 125H (Meteor Lake) | I13: Intel Core Ultra 5 processor 125H (Meteor Lake) | J13: Up to Intel Core Ultra 7 270HX Plus (Arrow Lake-HX R) Up to Intel Core i7-14700HX (Raptor Lake-HX R) | K13: Up to Intel Core Ultra 7 270HX Plus (Arrow Lake-HX R) Up to Intel Core i7-14700HX (Raptor Lake-HX R)
B14: MB Chipset | C14: Intel® Z890 Chipset
B15: Processor Power (range) | C15: U9K: 125W U7KF: 125W | D15: U7F: 65W U5F: 65W | E15: U7F: 65W U5F: 65W | F15: 65W | G15: U7F: 65W U5F: 65W | H15: 45W | I15: 45W | J15: 45W | K15: 45W
B16: Processor AI TOPS [up to] | D16: CPU: 13.6 TOPs NPU: 13.1 TOPs | G16: CPU: 13.6 TOPs NPU: 13.1 TOPs
B17: Intel Application Optimization [APO] | C17: No | D17: No | E17: No | F17: No | G17: No | H17: No | I17: No | J17: No | K17: No
B19: Graphics Card | C19: NVIDIA® GeForce RTX™ 5090 32 GB NVIDIA® GeForce RTX™ 5080 16 GB NVIDIA® GeForce RTX™ 5070 12 GB | D19: NVIDIA® GeForce RTX™ 5070 12 GB | E19: NVIDIA® GeForce RTX™ 5080 | F19: AMD Radeon™ RX 9070 XT 16GB (KSP claim) AMD Radeon™ RX 9060 XT NVIDIA® GeForce RTX™ 5070 12 GB | G19: NVIDIA® GeForce RTX™ 5070 12 GB (KSP claim) Up to AMD Radeon™ RX 9070 XT 16GB AMD Radeon™ RX 9060 XT | H19: Up to NVIDIA® GeForce RTX™ 5060 8 GB | I19: Intel Arc A380 | J19: Up to NVIDIA® GeForce RTX™ 5060 8 GB | K19: Intel Arc A380
B20: Graphics Card Power Max Graphic Power [MGP] | C20: RTX 5090: 575W RTX 5080: 360W RTX 5070: 250W | H20: RTX 5060: 145W | I20: 75W | J20: RTX 5060: 145W | K20: 75W
B21: GPU AI TOPS [up to] | C21: RTX 5090: 3352 TOPS RTX 5080: 1801 TOPS RTX 5070: 988 TOPS
B23: CPU Cooling | C23: CycloneX 360 [ARGB] + Liquid Cooling [ARGB] | D23: 65W air cooler ARGB Lighting | E23: 65W air cooler ARGB Lighting | F23: 65W air cooler ARGB Lighting | G23: 65W air cooler ARGB Lighting | H23: AIR Cooling (80mm Fan) | I23: AIR Cooling (80mm Fan) | J23: AIR Cooling (80mm Fan) | K23: AIR Cooling (80mm Fan)
B24: Graphic Card Cooling | C24: GPU Fan [default]
B25: System Cooling | C25: Front: CycloneX 360 x 1 [ARGB] Rear: System fan | D25: Two 120mm system fans (front & rear) ARGB Lighting | E25: Four 120mm system fans (3 front & 1 rear) ARGB Lighting | F25: Two 120mm system fans (front & rear) ARGB Lighting | G25: Two 120mm system fans (front & rear) ARGB Lighting | H25: N/A | I25: N/A | J25: N/A | K25: N/A
B27: Memory | C27: Up to 128 GB DDR5 XMP RGB | D27: 16/8 GB DDR5 5600 MT/s UDIMM Up to 64 GB of Dual-channel DDR5 5600 MT/s | E27: Up to 32 GB DDR5 5600 MT/s; supports up to 7200 MT/s via XMP | F27: 16/8 GB DDR5 5600 MT/s UDIMM Up to 64 GB of Dual-channel DDR5 5600 MT/s | G27: 16/8 GB DDR5 5600 MT/s UDIMM Up to 64 GB of Dual-channel DDR5 5600 MT/s | H27: Up to 32GB of Dual-channel DDR5 5600 MT/s | I27: Up to 32GB of Dual-channel DDR5 5600 MT/s (SODIMM*2) | J27: Up to 32GB of Dual-channel DDR5 5600 MT/s | K27: Up to 32GB of Dual-channel DDR5 5600 MT/s (SODIMM*2)
B28: Memory slot | C28: 4 | D28: 2 | E28: 2 | F28: 2 | G28: 2 | H28: SODIMM*2 | I28: SODIMM*2 | J28: SODIMM*2 | K28: SODIMM*2
B29: SSD | C29: Up to 6TB SSD storage PCIe Gen 5 NVMe M.2 SSD x 1 PCIe Gen 4 NVMe M.2 SSD x 2 | D29: Up to 2TB NVMe M.2 2280 PCIe SSD PCIe Gen 4 x 2 | E29: Up to 2 TB PCI-e Gen 5 SSD (ARL) Up to 2 TB PCI-e Gen 4 SSD (RPL) | F29: Up to 2TB NVMe M.2 2280 PCIe SSD PCIe Gen 4 x 2 | G29: Up to 2TB NVMe M.2 2280 PCIe SSD PCIe Gen 4 x 2 | H29: Up to 1TB M.2 PCI-e Gen4 SSD | I29: Up to 1TB M.2 PCI-e Gen4 SSD | J29: Up to 1TB M.2 PCI-e Gen4 SSD | K29: Up to 1TB M.2 PCI-e Gen4 SSD
B30: HDD | C30: Up to 4 TB HDD storage 3.5” HDD x 2 | D30: Up to 2 TB 7200 RPM HDD 3.5-inch x 1 | E30: Up to 2 TB 7200 RPM HDD | F30: Up to 2 TB 7200 RPM HDD 3.5-inch x 1 | G30: Up to 2 TB 7200 RPM HDD 3.5-inch x 1 | H30: Up to 1TB 3.5" HDD | I30: Up to 1TB 3.5" HDD | J30: Up to 1TB 3.5" HDD | K30: Up to 1TB 3.5" HDD
B32: LAN | C32: Killer™ Ethernet E3100G | D32: Realtek 8111H Ethernet | E32: 2.5G Giga LAN | F32: Realtek 8111H Ethernet | G32: Realtek 8111H Ethernet | H32: Realtek RTL8111H Gigabit Ethernet | I32: Realtek RTL8111H Gigabit Ethernet | J32: Realtek RTL8111H Gigabit Ethernet | K32: Realtek RTL8111H Gigabit Ethernet
B33: Wireless LAN | C33: Wi-Fi 7/6E | D33: Wi-Fi 7/6E | E33: WiFi 7 (ARL) WiFi 6E (RPL) | F33: Wi-Fi 7/6E | G33: Wi-Fi 7/6E | H33: Up to WiFi 6E | I33: Up to WiFi 6E | J33: Up to WiFi 7/WiFi 6E | K33: Up to WiFi 7/WiFi 6E
B34: Bluetooth | C34: 5 | D34: 5 | E34: 5 | F34: 5 | G34: 5 | H34: 5.2 | I34: 5.2 | J34: 5.2 | K34: 5.2
B36: AC Power Adapter | C36: 1000W | D36: 850 W PFC, auto-sensing, 80PLUS® Gold, TFX | E36: Up to 850/600 W | F36: 850 W PFC, auto-sensing, 80PLUS® Gold, TFX | G36: 850 W PFC, auto-sensing, 80PLUS® Gold, TFX | H36: 400W | I36: 180 W | J36: 400W | K36: 180 W
B37: I/O Ports | C37: Front/Front I/O connectors • USB 3.2 Gen1 5Gbps Type A port(s): 2 • USB 3.2 Gen1 5Gbps Type C port(s): 1 Audio jack(s): 1 (headphone + mic, mic) Rear I/O connectors • LAN port(s): 1 • Audio jack(s): 3 [line in, audio out, mic] • USB 2.0 Type A port(s): 2 • USB 3.2 Gen2 10Gbps Type A port(s): 3 • Thunderbolt 4: 1 | D37: Front/Side I/O connectors • Audio jack(s): 1 (headphone + mic, mic) • USB 3.2 Gen2 10Gbps Type A port(s): 2 • USB 3.2 Gen2x2 20Gbps Type C port(s): 1 Rear I/O connectors • LAN port(s): 1 • Audio jack(s): 3 [line in, audio out, mic] • USB 2.0 Type A port(s): 4 • USB 3.2 Gen1 5Gbps Type A port(s): 2 | E37: Front/Side I/O connectors • Audio jack(s): 1 (headphone + mic, mic) • USB 3.2 Gen2 10Gbps Type A port(s): 2 • USB 3.2 Gen2x2 20Gbps Type C port(s): 1 Rear I/O connectors • LAN port(s): 1 • Audio jack(s): 3 [line in, audio out, mic] • USB 2.0 Type A port(s): 4 • USB 3.2 Gen1 5Gbps Type A port(s): 2 | F37: Front/Side I/O connectors • Audio jack(s): 1 (headphone + mic, mic) • USB 3.2 Gen2 10Gbps Type A port(s): 2 • USB 3.2 Gen2x2 20Gbps Type C port(s): 1 Rear I/O connectors • LAN port(s): 1 • Audio jack(s): 3 [line in, audio out, mic] • USB 2.0 Type A port(s): 4 • USB 3.2 Gen1 5Gbps Type A port(s): 2 | G37: Front/Side I/O connectors • Audio jack(s): 1 (headphone + mic, mic) • USB 3.2 Gen2 10Gbps Type A port(s): 2 • USB 3.2 Gen2x2 20Gbps Type C port(s): 1 Rear I/O connectors • LAN port(s): 1 • Audio jack(s): 3 [line in, audio out, mic] • USB 2.0 Type A port(s): 4 • USB 3.2 Gen1 5Gbps Type A port(s): 2 | H37: Front/Side I/O connectors • Card reader: N • Audio jack(s): 1 • USB 2.0 Type A port(s): 2 • USB 3.2 Gen1 5Gbps Type A port(s): 2 • USB 3.2 Gen1 5Gbps Type C port(s): 1 Rear I/O connectors • D-Sub port(s): 1 • HDMI port(s): 1 • DP port(s): 1 • LAN port(s): 2 • Audio jack(s): 2 • USB 2.0 Type A port(s): 2 • USB 3.2 Gen2 10Gbps Type A port(s): 2 | I37: Front/Side I/O connectors • Card reader: N • Audio jack(s): 1 • USB 2.0 Type A port(s): 2 • USB 3.2 Gen1 5Gbps Type A port(s): 2 • USB 3.2 Gen1 5Gbps Type C port(s): 1 Rear I/O connectors • D-Sub port(s): 1 • HDMI port(s): 1 • DP port(s): 1 • LAN port(s): 2 • Audio jack(s): 2 • USB 2.0 Type A port(s): 2 • USB 3.2 Gen2 10Gbps Type A port(s): 2 | J37: Front/Side I/O connectors • Card reader: N • Audio jack(s): 1 • USB 2.0 Type A port(s): 2 • USB 3.2 Gen1 5Gbps Type A port(s): 2 • USB 3.2 Gen1 5Gbps Type C port(s): 1 Rear I/O connectors • D-Sub port(s): 1 • HDMI port(s): 1 • DP port(s): 1 • LAN port(s): 2 • Audio jack(s): 2 • USB 2.0 Type A port(s): 2 • USB 3.2 Gen2 10Gbps Type A port(s): 2 | K37: Front/Side I/O connectors • Card reader: N • Audio jack(s): 1 • USB 2.0 Type A port(s): 2 • USB 3.2 Gen1 5Gbps Type A port(s): 2 • USB 3.2 Gen1 5Gbps Type C port(s): 1 Rear I/O connectors • D-Sub port(s): 1 • HDMI port(s): 1 • DP port(s): 1 • LAN port(s): 2 • Audio jack(s): 2 • USB 2.0 Type A port(s): 2 • USB 3.2 Gen2 10Gbps Type A port(s): 2
B38: Hot Swap | C38: N/A | D38: N/A | E38: N/A | F38: N/A | G38: N/A | H38: N/A | I38: N/A | J38: N/A | K38: N/A
B39: I/O expansions | C39: PCIe Gen 5 x16 slot: 1 PCIe M.2 WLAN slot: 1 PCIe Gen 5 x4 M.2 SSD slot: 1 PCIe Gen 4 x4 M.2 SSD slot: 2 | D39: • PCIe x16 slot(s): 1 • M.2 slot (for SSD): 2 • M.2 slot (for WLAN): 1 | F39: • PCIe x16 slot(s): 1 • M.2 slot (for SSD): 2 • M.2 slot (for WLAN): 1 | G39: • PCIe x16 slot(s): 1 • M.2 slot (for SSD): 2 • M.2 slot (for WLAN): 1 | H39: •PCIe x16 slot(s): 1 • PCIe x1 slot(s): 1 • M.2 slot (for SSD): 1 • M.2 slot (for WLAN): 1 | I39: •PCIe x16 slot(s): 1 • PCIe x1 slot(s): 1 • M.2 slot (for SSD): 1 • M.2 slot (for WLAN): 1 | J39: •PCIe x16 slot(s): 1 • PCIe x1 slot(s): 1 • M.2 slot (for SSD): 1 • M.2 slot (for WLAN): 1 | K39: •PCIe x16 slot(s): 1 • PCIe x1 slot(s): 1 • M.2 slot (for SSD): 1 • M.2 slot (for WLAN): 1
B40: SATA | C40: 2 x 3.5” SATA3 6.0Gb/s HDD connector | D40: 1 x 3.5” SATA3 HDD M.2 SSD/2280/2242 | F40: 1 x 3.5” SATA3 HDD M.2 SSD/2280/2242 | G40: 1 x 3.5” SATA3 HDD M.2 SSD/2280/2242
B41: Audio | C41: DTS:X® Ultra | D41: DTS:X® Ultra | E41: DTS:X® Ultra | F41: DTS:X® Ultra | G41: DTS:X® Ultra | H41: Integrated high-definition sound | I41: Integrated high-definition sound | J41: Integrated high-definition sound | K41: Integrated high-definition sound
B42: OS | C42: Windows 11 Home 64-bit. UEFI Shell | D42: Windows 11 Home 64-bit. UEFI Shell | E42: Windows 11 Home 64-bit. UEFI Shell | F42: Windows 11 Home 64-bit. UEFI Shell | G42: Windows 11 Home 64-bit. UEFI Shell | H42: Windows 11 Home 64-bit. UEFI Shell | I42: Windows 11 Home 64-bit. UEFI Shell | J42: Windows 11 Home 64-bit. UEFI Shell | K42: Windows 11 Home 64-bit. UEFI Shell
B43: Sense | C43: AcerSense Pro | D43: AcerSense Pro | E43: AcerSense Pro | F43: AcerSense Pro | G43: AcerSense Pro | H43: AcerSense Pro | I43: AcerSense Pro | J43: AcerSense Pro | K43: AcerSense Pro
B44: Acer Intellengence Space | C44: Yes | D44: Yes | E44: Yes | F44: Yes | G44: Yes | H44: Yes | I44: Yes | J44: Yes | K44: Yes
B46: Material [PCR %] | C46: 0.65 | H46: N/A | I46: N/A | J46: N/A | K46: N/A
B47: Dimension [W*D*H] | C47: 216.4 (W) x 461.7 (D) x 495.4 (H) mm | H47: 160 (W) x 306 (D) x 348 (H) mm | I47: 100 (W) x 295 (D) x 330 (H) mm
B48: Weight | C48: TBD | D48: 12 kg | E48: 12 kg | F48: 12 kg | G48: 12 kg
B49: Volume (L) | C49: 45L | D49: 32L | E49: 32L | F49: 32L | G49: 32L | H49: 15L | I49: 9L | J49: 17.3 L | K49: 7.6 L
B53: FCS | C53: 46115 | D53: 45747 | E53: 45762 | F53: 2/E/2026 | G53: 2/E/2026 | H53: 3/B/2026 | I53: 3/B/2026 | J53: 6/30/2026 3/31/2026 | K53: 6/30/2026 3/31/2026
B55: PM | C55: James L | D55: James L | E55: Hour Tsai | F55: James L | G55: James L | H55: Hour Tsai | I55: Hour Tsai | J55: Hank PH Chen | K55: Hank PH Chen
B57: KSP Bullets | C57: Intel® Core Ultra 7 processor 270K Plus | D57: Intel® Core Ultra 7 processor 265F | E57: Intel® Core Ultra 9 processor 290HX Plus | F57: Up to AMD Ryzen 7 8700G Processor | G57: Up to Intel® Core Ultra 7 processor 265F | H57: Up to Intel® Core™ Ultra 5 processor 125H | I57: Up to Intel® Core™ Ultra 5 processor 125H | J57: Up to Intel® Core™ Ultra 7 processor 270HX Plus | K57: Up to Intel® Core™ Ultra 7 processor 270HX Plus
C58: Up to NVIDIA® GeForce RTX™ 5090 (3352 TOPS) | D58: Up to NVIDIA® GeForce RTX™ 5070 (988 TOPS) | E58: Up to NVIDIA® GeForce RTX™ 5080 (1801 TOPS) | F58: Up to AMD Radeon™ RX 9070 XT | G58: Up to NVIDIA® GeForce RTX™ 5070 (988 TOPS) | H58: Up to NVIDIA® GeForce RTX™ 5060 (614 TOPS) | I58: Up to Intel® Arc™ A380 Graphics | J58: Up to NVIDIA® GeForce RTX™ 5060 (614 TOPS) | K58: Up to Intel® Arc™ A380 Graphics
C59: Predator CycloneX 360 Cooling Technology | D59: Dual 120mm System Fans with RGB Lighting | E59: Four 120mm System Fans with ARGB Lighting | F59: Dual 120mm System Fans with ARGB Lighting | G59: Dual 120mm System Fans with ARGB Lighting | H59: Compact 15L Chassis | I59: Compact 9L Chassis | J59: Compact 17.3L Chassis | K59: Compact 7.6L Chassis
C60: Up to Thunderbolt 5 and WiFi 7 High-Speed Connectivity | D60: Up to WiFi 7 High-Speed Connectivity | E60: Up to 32 GB DDR5 7200 MT/s via XMP | F60: Up to Wi-Fi 7 High-Speed Connectivity | G60: Up to Wi-Fi 7 High-Speed Connectivity | H60: Wi-Fi 6E Seamless Connectivity | I60: Wi-Fi 6E Seamless Connectivity | J60: Up to Wi-Fi 7 High-Speed Connectivity | K60: Up to Wi-Fi 7 High-Speed Connectivity

Sheet HANDHELD 2026
B2: 2026 GAMING HANDHELD. PROJECTS
C5: PREDATOR ATLAS 7 | D5: PREDATOR ATLAS 8 | E5: ROG/MSI/Legion Go
E6: Reference Specs
B7: SPEC | C7: G310_PTG | D7: F900_PTG
B9: Unique Feature | C9: The metal fan performs 10% better than the plastic fan. Plastic fan: 0.3mm thickness, 73 blades Metal fan: 0.1mm thickness, 89 blades | D9: The metal fan performs 10% better than the plastic fan. Plastic fan: 0.3mm thickness, 73 blades Metal fan: 0.1mm thickness, 89 blades
B11: AI Feature
B13: Processor | C13: Intel® Arc™ G3 Extreme processor Intel® Arc™ G3 processor | D13: Intel® Arc™ G3 Extreme processor Intel® Arc™ G3 processor | E13: Up to Intel® Core™ Ultra 7 processor(Series 2)
B14: Processor AI TOPS [up to] | C14: > 40TOPS int8 | D14: > 40TOPS int8 | E14: Up to 47 NPU TOPS (119 total AI TOPS)
B15: Graphics | C15: UMA | D15: UMA | E15: Up to Intel® Arc™ 140V GPU
B16: Display [Panel, Resolution, Refresh Rate, 亮度, 色域, Response time] | C16: 7-inch FHD (1920 x 1080) 16:9 IPS-level Glossy display sRGB: 100% Adobe: 75.35% Gorilla Glass Victus Gorilla Glass DXC Touch Screen Refresh Rate: 120Hz Brightness: 500 nits | D16: 8-inch FHD+ (1920 x 1200) 16:10 IPS-level sRGB: 100% Adobe: ?% Gorilla® Glass Victus™ Gorilla® Glass DXC Touch Screen (10-point multi-touch) Refresh Rate: 120Hz Brightness: 500 nits | E16: 7-inch FHD (1920 x 1080) 16:9 IPS-level Glossy display sRGB: 100% Adobe: 75.35% Gorilla® Glass Victus™ Gorilla® Glass DXC Touch Screen (10-point multi-touch) Refresh Rate: 120Hz Brightness: 500 nits
B17: FreeSync (Level) | C17: N/A | D17: N/A | E17: AMD FreeSync™ Premium (Variable Refresh Rate)
B18: Thermal Solution | C18: dual FAN (Aero Blade metal + plastic) vortex flow | D18: Dual Fan [Predator AeroBlade Metal Fan *1 + Plastic Fan *1] Vortex flow | E18: TBD
B19: Cooling Fan Material & Qty | C19: Predator AeroBlade Fan*1 Plastic Fan*1 | D19: Predator AeroBlade Metal Fan *1 Plastic Fan *1 | E19: 5th Gen AeroBlade 3D Fan*2
B20: Liquid Metal Thermal Grease | C20: No | D20: No | E20: NO
B21: Vortex Flow | C21: Yes | D21: Yes | E21: NO
B23: Memory | C23: LPDDR5x, 16GB, 7467MT/s or 8533MT/s [TBD] LPDDR5x, 24GB, 7467MT/s or 8533MT/s [TBD] Memory on Package Support Dual Channel | D23: LPDDR5x, 16GB, 7467MT/s or 8533MT/s [TBD] LPDDR5x, 24GB, 7467MT/s or 8533MT/s [TBD] Memory on Package Support Dual Channel | E23: 24GB LPDDR5X on board Support dual channel memory or LPDDR5x-8533 32GB Memory on Package or 32GB 7500MT/s LPDDR5X (Z1 Extreme)
B24: Storage | C24: PCIe Gen4 M.2 SSD (2280) SSD slot: 1 up to 1TB | D24: PCIe Gen4 NVMe M.2 SSD (2280) SSD Slot *1 Up to 1TB | E24: PCIe Gen4 NVMe M.2TM SSD [2280] SSD slot: 2 Up to 1 TB
B25: Sensor | C25: G+Gyrosensor: 6-Axis IMU * 2 | D25: G+Gyrosensor: 6-Axis IMU *2 | E25: 1x Fingerprint
B27: Wi-Fi | C27: Wi-Fi7 Intel Killer 1775s | D27: Wi-Fi 7 Intel Killer 1775s | E27: Intel® Killer™ AX Wi-Fi 6E
B28: Bluetooth | C28: 5.4 | D28: 5.4 | E28: 5.3
B30: Battery [W] | C30: 80 Whrs [4S1P], 4-cell Li-ion 60 Whrs [4S1P], 4-cell Li-ion | D30: 80 Whrs [4S1P], 4-cell Li-ion 60 Whrs [4S1P], 4-cell Li-ion | E30: 80WHrs, 4S1P, 4-cell Li-ion 6-Cell, 54.5 Battery (Whr) 3-cell, 55.5WHr
B31: AC Power Adapter | C31: Option 1 Wall Mount AC Power Adapter, 65W Type-C Power Cord Option 2 Brick: AC Power Adapter, 65W | D31: Option 1 Wall Mount AC Power Adapter, 65W Type-C Power Cord Option 2 Brick: AC Power Adapter, 65W | E31: TYPE-C, 65W AC Adapter, Output: 20V DC, 3.25A, 65W, Input: 100~240V AC 50/60Hz universal
B32: Control/Input | C32: Connectivity (control & input): - Function button * 4 - Direction button (D-pad) (up/down/left/right) - A/B/X/Y button - Power Button (with fingerprint) - Volume button (+/-) - L & R full-size analog Joystick - L & R hall effect analog triggers - L & R bumpers - L & R Macro button | D32: XBOX Game Bar Widget button. PredatorSense button. View button. Menu button. D-Pad. A B X Y Button. Power button with Finger Print. Volume button(+/-). L & R full-size analog Joysticks. L & R Hall effect analog triggers. L & R bumpers. L & R Macro Button. L & R Adjustable Trigger Switches. | E32: View button Menu button L & R Hall Effect analog triggers L & R bumpers D-pad Command Center button Armoury Crate button A B X Y buttons 2 x assignable grip buttons Thumbsticks: 2 x full-size analog sticks Haptics: HD haptics Gyro: 6-Axis IMU 6-Axis IMU D-pad HD haptics L & R Hall Effect analog triggers L & R bumpers MSI Center M button Macro button (M1/M2) Menu button Quick Settings button RGB ABXY buttons RGB L & R Hall Effect analog sticks View button
B33: I/O Ports | C33: Thunderbolt™ 4 *2 UHSS-II micro SD card reader *1 SD 4.0 Support SD, SDXC, SDHC, SDUC 3.5mm Audio Jack (combo) *1 | D33: Thunderbolt™ 4 *2 UHS-II micro SD card reader *1 SD 4.0 Support SD, SDXC, SDHC, SDUC 3.5mm Audio Jack (combo) *1 | E33: Headphone/mic combo 2x USB4 (USB 40Gbps, DisplayPort™ 1.4, Power Delivery 3.0) MicroSD card reader 1x 3.5mm Combo Audio Jack 1x USB 3.2 Gen 2 Type-C support DisplayPort™ / power delivery 1x Type C support USB 4 (Thunderbolt™ 4 compliance, DisplayPort™ 1.4 with Freesync support, Power Delivery 3.0) 1x UHS-II microSD card reader (supports SD, SDXC and SDHC) 1x Micro SD Card Reader 2x Thunderbolt™ 4 (DisplayPort™/ Power Delivery 3.0)
B34: Touchpad | C34: N/A
B36: Audio | C36: codec ALC712 Combo Jack Speaker: 2W * 2 Mic * 2 DTS X: Ultra & Hi-Res Acer Purified Voice | D36: 2W Speaker *2 Realtek ALC712 DTS:X Ultra & Hi-Res Mic(onboard) *2 Acer PurifiedVoice | E36: 2x2W Integrated Speaker System or Smart Amp Technology Hi-Res certification (for headphone) Dolby Atmos AI noise-canceling technology Built-in array microphone 2-speaker system with Smart Amplifier Technology
B38: OS | C38: Windows 11 Home | D38: Windows 11 Home | E38: Windows 11 Home
B39: PredatorSense/NitroSense Version | C39: PredatorSense | D39: PredatorSense | E39: v5.0.1157
B40: Xbox Game Pass | C40: 2 Month XBOX Game Pass Premium 2 Month XBOX Game Pass Ulitmate 2 Month PC Game Pass [TBD] | D40: 2 Month XBOX Game Pass Premium 2 Month XBOX Game Pass Ulitmate 2 Month PC Game Pass [TBD] | E40: Xbox Game Pass Premium_3 months
B42: Material [PCR %] | C42: Plastic [No PCR] | D42: Plastic [No PCR] | E42: A: Aluminum (PCR 30%) B: Plastic C: Aluminum (PCR 30%) D: Plastic
B43: Dimension [W*D*H] | C43: 292 x 112.7~123 x 28.5~48.4 mm | D43: 299 x 127.4 x 28.5/58.37mm | E43: 22.6mm x 127.55mm x 299mm
B44: Weight | C44: <750g with 80Wh battery (TBD) <700g with 60Wh battery (TBD) | D44: <810g with 80Whr battery <770g with 60Whr battery | E44: 675 g 740g
B45: Color | C45: Black | D45: Black | E45: Black
B50: C Build | C50: May/M ~Jun (TBD) | D50: May/M (TBD)
B51: FCS | C51: Early Q3, 2026 | D51: June, 2026 | E51: Q3 2026
B52: SPEC version | E52: v6-4
B53: PM | C53: Phoebe | D53: Ken | E53: Pan, Albert
B55: KSP Bullets | C55: 1 | D55: 1 | E55: 1. Up to Intel® Core™ Ultra 9 processor 290HX Plus
C56: 2 | D56: 2 | E56: 2. Up to NVIDIA® GeForce RTX™ 5080 Laptop GPU (1334 TOPS)
C57: 3 | D57: 3 | E57: 3. Thin Metal Chassis Design <18.9mm
C58: 4 | D58: 4 | E58: 4. Up to 16” OLED WQXGA 2560 x 1600 Display, 240Hz Refresh

Sheet LAPTOP 2025
B2: MASTER SPEC SHEET - 2025 GAMING LAPTOP PROJECTS
E4: RX
C5: Helios 16 AI | D5: Helios 18 AI | E5: Helios Neo 14 AI | F5: Helios Neo 16 AI | G5: Helios Neo 18 AI | H5: Helios Neo 16S AI | I5: Triton 14 AI | J5: Triton Neo 16 AI | K5: Nitro 16 AI | L5: Nitro 16S AI | M5: Nitro 18 AI | N5: Nitro V 14 | O5: Nitro V 14 AI | P5: Nitro V 16 | Q5: Nitro V 16 AI | R5: Nitro V 17 AI | S5: NITRO V 15 | T5: NITRO V 15 AI | U5: NITRO V 16S | V5: NITRO V 16S AI | W5: NITRO V 14S | X5: NITRO V 14S
C6: PH16-73 | D6: PH18-73 | E6: PHN14-71 | F6: PHN16-73 | G6: PHN18-72 | H6: PHN16S-71 | I6: PT14-52T | J6: PTN16-71 | K6: AN16-61 | L6: AN16S-61 | M6: AN18-61 | N6: ANV14-71 | O6: ANV14-62 (Krackan Point) ANV14-41 (Hawk Point) | P6: ANV16-72 | Q6: ANV16-61 (Krackan Point) ANV16-42 (Hawk Point) | R6: ANV17-61 (Krackan Point) ANV17-41 (Hawk Point) | S6: ANV15-52 | T6: ANV15-42 | U6: ANV16S-71 | V6: ANV16S-61 (Strix Point) ANV16S-41 (Hawk Point) | W6: ANV14S-71 | X6: ANV14S-61
B7: SPEC | C7: Emira_ARX | D7: Vantage_ARX | E7: Panamera_ARH | F7: Macan_ARX | G7: iX1_ARX | H7: FTYPE_ARX | I7: Mulliner_LNV | J7: Cybertruck_ARH | K7: EV9_SKF (AMD) | L7: EV3_SKF (AMD) | M7: GLC_SKF (AMD) | N7: Enyaq_RTH (INTEL) | O7: Enyaq_SKF (AMD) | P7: RX_RTH (INTEL) | Q7: RX_SKF (AMD) | R7: SU7_SKF (AMD) | S7: Sportage_RTH | T7: Sportage_HKH | U7: BRZ_RTH | V7: BRZ_SKF | W7: Kodiaq_RTH | X7: Kodiaq_SKF
B9: Unique Feature | C9: MegKey 4.0 6th Gen AeroBlade 3D Fan Thunderbolt 5 | D9: MegKey 4.0 6th Gen AeroBlade 3D Fan Thunderbolt 5 | H9: Slim | I9: Copilot+ PC NVIDIA Studio Premium Driver 6th Gen AeroBlade 3D fan x 2 Graphene TIM Vapor Chamber Touch Screen Calman verified Haptic touchpad with Stylus pen 6 speakers audio design Human Presence Detection [HPD] | J9: Studio driver Calman | K9: Copilot+ PC | L9: Copilot+ PC Slim | M9: Copilot+ PC | N9: N/A | O9: Copilot+ PC | P9: N/A | Q9: Copilot+ PC | R9: Copilot+ PC | S9: N/A | T9: N/A | U9: slim | V9: Slim Copilot+ PC
K10: N/A | L10: N/A | M10: N/A | N10: N/A | O10: N/A | P10: N/A | Q10: N/A | R10: N/A | S10: N/A | T10: f | U10: N/A | V10: N/A
B11: AI Feature | C11: PredatorSense/Experience Zone 2.0 PurifiedView 2.0 PurifiedVoice 2.0 ProCam LiveArt GIMP AlterView Killer Copilot | D11: PredatorSense/Experience Zone 2.0 PurifiedView 2.0 PurifiedVoice 2.0 ProCam LiveArt GIMP AlterView Killer Copilot | E11: PredatorSense/Experience Zone 2.0 PurifiedView 2.0 PurifiedVoice 2.0 ProCam LiveArt GIMP AlterView Killer Copilot | F11: PredatorSense/Experience Zone 2.0 PurifiedView 2.0 PurifiedVoice 2.0 ProCam LiveArt GIMP AlterView Killer Copilot | G11: PredatorSense/Experience Zone 2.0 PurifiedView 2.0 PurifiedVoice 2.0 ProCam LiveArt GIMP AlterView Killer Copilot | H11: PredatorSense/Experience Zone 2.0 PurifiedView 2.0 PurifiedVoice 2.0 ProCam LiveArt GIMP AlterView Killer Copilot | I11: PredatorSense/Experience Zone 2.0 PurifiedView 2.0 PurifiedVoice 2.0 ProCam LiveArt GIMP AlterView VisionArt Killer Copilot | J11: PredatorSense/Experience Zone 2.0 PurifiedView PurifiedVoice GIMP ProClip LiveArt AlterView VisionArt Killer Copilot | K11: NitroSense/Experience Zone 2.0 PurifiedView (1.0) PurifiedVoice 2.0 ProCam LiveArt Killer Copilot | L11: NitroSense/Experience Zone 2.0 PurifiedView (1.0) PurifiedVoice 2.0 ProCam LiveArt Killer Copilot | M11: NitroSense/Experience Zone 2.0 PurifiedView (1.0) PurifiedVoice 2.0 ProCam LiveArt Killer Copilot | N11: NitroSense/Experience Zone 2.0 PurifiedView（1.0) PurifiedVoice 2.0 ProCam GIMP Killer Copilot | O11: NitroSense/Experience Zone 2.0 PurifiedView (1.0) PurifiedVoice 2.0 ProCam LiveArt Killer Copilot | P11: NitroSense/Experience Zone 2.0 PurifiedView（1.0) PurifiedVoice 2.0 ProCam GIMP Killer Copilot | Q11: NitroSense/Experience Zone 2.0 PurifiedView (1.0) PurifiedVoice 2.0 ProCam LiveArt Killer Copilot | R11: NitroSense/Experience Zone 2.0 PurifiedView (1.0) PurifiedVoice 2.0 ProCam LiveArt Killer Copilot | S11: NitroSense/Experience Zone 2.0 PurifiedView（1.0) PurifiedVoice (1.0) ProCam GIMP Killer Copilot | T11: NitroSense/Experience Zone 2.0 PurifiedView (1.0) PurifiedVoice (1.0) ProCam LiveArt Killer Copilot | U11: NitroSense/Experience Zone 2.0 PurifiedView（1.0) PurifiedVoice 2.0 ProCam GIMP Killer Copilot | V11: NitroSense/Experience Zone 2.0 PurifiedView (1.0) PurifiedVoice 2.0 ProCam LiveArt Killer Copilot
B13: Processor | C13: Intel Core Ultra 9 275HX (24 Total Cores & 24 Threads, 2.7 GHz P-core Base Freq, 5.4 GHz P-core Max Turbo Freq, 36MB Smart Cache, Integrated NPU with 13 TOPS) (Arrow Lake-HX) | D13: Intel Core Ultra 9 275HX (24 Total Cores & 24 Threads, 2.7 GHz P-core Base Freq, 5.4 GHz P-core Max Turbo Freq, 36MB Smart Cache, Integrated NPU with 13 TOPS) (Arrow Lake-HX) | E13: Intel Core Ultra 9 285H (16 Total Cores & 16 Threads, 2.9 GHz P-core Base Freq, 5.4 GHz P-core Max Turbo Freq, 24MB Smart Cache, Integrated NPU with 13 TOPS) Intel Core Ultra 7 255H (16 Total Cores & 16 Threads, 2 GHz P-core Base Freq, 5.1 GHz P-core Max Turbo Freq, 24MB Smart Cache, Integrated NPU with 13 TOPS) (Arrow Lake-H) | F13: Intel Core Ultra 9 275HX (24 Total Cores & 24 Threads, 2.7 GHz P-core Base Freq, 5.4 GHz P-core Max Turbo Freq, 36 MB Smart Cache, Integrated NPU with 13 TOPS) Intel Core Ultra 7 255HX (20 Total Cores & 20 Threads, 2.4 GHz P-core Base Freq, 5.2 GHz P-core Max Turbo Freq, 30MB Smart Cache, Integrated NPU with 13 TOPS) (Arrow Lake-HX) | G13: Intel Core Ultra 9 275HX (24 Total Cores & 24vThreads, 2.7 GHz P-core Base Freq, 5.4 GHz P-core Max Turbo Freq, 36MB Smart Cache, Integrated NPU with 13 TOPS) Intel Core Ultra 7 255HX (20 Total Cores & 20 Threads, 2.4 GHz P-core Base Freq, 5.2 GHz P-core Max Turbo Freq, 30MB Smart Cache, Integrated NPU with 13 TOPS) (Arrow Lake-HX) | H13: Intel Core Ultra 9 275HX (24 Total Cores & 24 Threads, 2.7 GHz P-core Base Freq, 5.4 GHz P-core Max Turbo Freq, 36MB Smart Cache, Integrated NPU with 13 TOPS) Intel Core Ultra 7 255HX (20 Total Cores & 20 Threads, 2.4 GHz P-core Base Freq, 5.2 GHz P-core Max Turbo Freq, 30MB Smart Cache, Integrated NPU with 13 TOPS) (Arrow Lake-HX) | I13: Intel Core Ultra 9 288V (8 Total Cores & 8 Threads, 3.3 GHz P-core Base Freq, 5.1 GHz P-Core Max Turbo Freq, 12MB Smart Cache, Integrated NPU with 48 TOPS) (Lunar Lake-V) | J13: Intel Arrow Lake H | K13: AMD Ryzen AI 9 365 (Strix Point) AMD Ryzen™ AI 7 350 processor (8 cores, up to 8 MB L2 cache, up to 16 MB L3 cache, 2.0 GHz with boost up to 5.0 GHz, AMD Ryzen™ AI capable) AMD Ryzen™ AI 5 340 processor (6 cores, up to 6 MB L2 cache, up to 16 MB L3 cache, 2.0 GHz with boost up to 4.8 GHz, AMD Ryzen™ AI capable) | L13: AMD Ryzen AI 9 365 (Strix Point) AMD Ryzen™ AI 7 350 processor (8 cores, up to 8 MB L2 cache, up to 16 MB L3 cache, 2.0 GHz with boost up to 5.0 GHz, AMD Ryzen™ AI capable) AMD Ryzen™ AI 5 340 processor (6 cores, up to 6 MB L2 cache, up to 16 MB L3 cache, 2.0 GHz with boost up to 4.8 GHz, AMD Ryzen™ AI capable) | M13: AMD Ryzen AI 9 365 (Strix Point) AMD Ryzen™ AI 7 350 processor (8 cores, up to 8 MB L2 cache, up to 16 MB L3 cache, 2.0 GHz with boost up to 5.0 GHz, AMD Ryzen™ AI capable) AMD Ryzen™ AI 5 340 processor (6 cores, up to 6 MB L2 cache, up to 16 MB L3 cache, 2.0 GHz with boost up to 4.8 GHz, AMD Ryzen™ AI capable) | N13: Up to Intel Core 7 processor 240H Intel Core 5 processor xxxH (Raptor Lake-H Refresh) | O13: AMD Ryzen™ AI 7 350 processor (8 cores, up to 8 MB L2 cache, up to 16 MB L3 cache, 2.0 GHz with boost up to 5.0 GHz, AMD Ryzen™ AI capable) AMD Ryzen™ AI 5 340 processor (6 cores, up to 6 MB L2 cache, up to 16 MB L3 cache, 2.0 GHz with boost up to 4.8 GHz, AMD Ryzen™ AI capable) | P13: Up to Intel Core 9 processor 270H Intel Core 7 processor 240H Intel Core 5 processor 210H (Raptor Lake-H Refresh) | Q13: AMD Ryzen™ AI 9 365 processor (10 cores, up to 10 MB L2 cache, up to 24 MB L3 cache, 2.0 GHz with boost up to 5.0 GHz, AMD Ryzen™ AI capable) AMD Ryzen™ AI 7 350 processor (8 cores, up to 8 MB L2 cache, up to 16 MB L3 cache, 2.0 GHz with boost up to 5.0 GHz, AMD Ryzen™ AI capable) AMD Ryzen™ AI 5 340 processor (6 cores, up to 6 MB L2 cache, up to 16 MB L3 cache, 2.0 GHz with boost up to 4.8 GHz, AMD Ryzen™ AI capable) | R13: AMD Ryzen™ AI 9 365 processor (10 cores, up to 10 MB L2 cache, up to 24 MB L3 cache, 2.0 GHz with boost up to 5.0 GHz, AMD Ryzen™ AI capable) AMD Ryzen™ AI 7 350 processor (8 cores, up to 8 MB L2 cache, up to 16 MB L3 cache, 2.0 GHz with boost up to 5.0 GHz, AMD Ryzen™ AI capable) AMD Ryzen™ AI 5 340 processor (6 cores, up to 6 MB L2 cache, up to 16 MB L3 cache, 2.0 GHz with boost up to 4.8 GHz, AMD Ryzen™ AI capable) | S13: Up to Intel Core 9 processor 270H Intel Core 7 processor 240H Intel Core 5 processor 210H (Raptor Lake-H Refresh) | T13: AMD Ryzen™ 7 8845HS processor (8 cores, up to 8 MB L2 cache, up to 5.0 GHz) AMD Ryzen 5 8645HS processor (6 cores, up to 6 MB L2 cache, up to 16 MB L3 cache, 4.3 GHz with boost up to 5.0 GHz) | U13: Up to Intel Core 9 processor 270H Intel Core 7 processor 240H Intel Core 5 processor 210H (Raptor Lake-H Refresh) | V13: AMD Ryzen™ AI 9 365 processor (10 cores, up to 10 MB L2 cache, up to 24 MB L3 cache, 2.0 GHz with boost up to 5.0 GHz, AMD Ryzen™ AI capable) R7? R5?
B14: Processor AI TOPS [up to] | C14: 13.1 | D14: 13.1 | E14: 11 | F14: 13.1 | G14: 13.1 | H14: 13.1 | I14: 48 | J14: 11 | K14: 50 | L14: 50 | M14: 50 | N14: N/A | O14: 45-50 TOPs | P14: N/A | Q14: 50+ TOPs | R14: 50+ TOPS | S14: NA | T14: 16 MB L3 cache, 3.8 GHz with boost up to 5.1 GHz) | U14: N/A | V14: N/A
B15: Processor Power | C15: Ultra 9: 115W | D15: Ultra 9: 115W | E15: 100W | F15: Ultra 9: B1:130W, B2:115W Ultra 7: B1:130W,B2:115W Ultra 5: B1:130W,B2:115W | G15: Ultra 9: 115W Ultra 7: 115W Ultra 5: 115W | H15: Ultra 9: 85W Ultra 7: 85W Ultra 5: 85W | I15: Ultra 9: TBD | J15: Ultra 9: 75W Ultra 7: 75W Ultra 5: 70W | L15: TBD | N15: U7: 50W U5: 50W (PL1 Max) | O15: R7: 15-54W R5: 15-54W | P15: (Turbo mode) 75W | Q15: R7: 45~54W R5: 45~54W | R15: R7: 45~54W R5: 45~54W | S15: I7: 55W I5: 55W | T15: R7: 54W R5: 54W | U15: (Turbo mode) 75W | V15: (Turbo mode) 54W
B16: Intel Application Optimization [APO] | C16: Yes | D16: Yes | E16: No | F16: Yes | G16: Yes | H16: Yes | I16: No | J16: Yes | K16: No | L16: No | M16: No | N16: Yes | O16: No | P16: Yes | Q16: No | R16: No | S16: No | T16: No | U16: Yes | V16: No
B18: Graphic Card | C18: NVIDIA® GeForce RTX™ 5090 (X11 24GB) NVIDIA® GeForce RTX™ 5070 Ti (X7 12GB) | D18: NVIDIA® GeForce RTX™ 5090 (X11 24GB) NVIDIA® GeForce RTX™ 5080 (X9 16GB) | E18: NVIDIA® GeForce RTX™ 5070 (X6 8GB) NVIDIA® GeForce RTX™ 5060 (X4 8GB) | F18: NVIDIA® GeForce RTX™ 5070 Ti (X7 12GB) NVIDIA® GeForce RTX™ 5070 (X6 8GB) NVIDIA® GeForce RTX™ 5060 (X4 8GB) | G18: NVIDIA® GeForce RTX™ 5070 Ti (X7 12GB) NVIDIA® GeForce RTX™ 5070 (X6 8GB) NVIDIA® GeForce RTX™ 5060 (X4 8GB) | H18: NVIDIA® GeForce RTX™ 5070 Ti (X7 12GB) NVIDIA® GeForce RTX™ 5070 (X6 8GB) NVIDIA® GeForce RTX™ 5060 (X4 8GB) | I18: NVIDIA® GeForce RTX™ 5070 (X6 8GB) | J18: NVIDIA® GeForce RTX™ 5070 Ti (X7 12GB) NVIDIA® GeForce RTX™ 5070 (X6 8GB) NVIDIA® GeForce RTX™ 5060 (X4 8GB) NVIDIA® GeForce RTX™ 5050 (X2 8GB) | K18: NVIDIA® GeForce RTX™ 5070 Ti (X7 12GB) NVIDIA® GeForce RTX™ 5070 (X6 8GB) NVIDIA® GeForce RTX™ 5060 (X4 8GB) NVIDIA® GeForce RTX™ 5050 (X2 8GB) | L18: NVIDIA® GeForce RTX™ 5070 Ti (X7 12GB) NVIDIA® GeForce RTX™ 5070 (X6 8GB) NVIDIA® GeForce RTX™ 5060 (X4 8GB) NVIDIA® GeForce RTX™ 5050 (X2 8GB) | M18: NVIDIA® GeForce RTX™ 5070 Ti (X7 12GB) NVIDIA® GeForce RTX™ 5070 (X6 8GB) NVIDIA® GeForce RTX™ 5060 (X4 8GB) NVIDIA® GeForce RTX™ 5050 (X2 8GB) | N18: Board 2 | O18: NVIDIA® GeForce RTX™ 5060 (X4 8GB) NVIDIA® GeForce RTX™ 5050 (X2 8GB) NVIDIA® GeForce RTX™ 4050 6GB | P18: NVIDIA® GeForce RTX™ 5070 (X6 8GB) NVIDIA® GeForce RTX™ 5060 (X4 8GB) NVIDIA® GeForce RTX™ 5050 (X2 8GB) | Q18: NVIDIA® GeForce RTX™ 5070 (X6 8GB) NVIDIA® GeForce RTX™ 5060 (X4 8GB) NVIDIA® GeForce RTX™ 5050 (X2 8GB) NVIDIA® GeForce RTX™ 4050 6GB NVIDIA® GeForce RTX™ 3050 6G | R18: NVIDIA® GeForce RTX™ 5070 (X6 8GB) NVIDIA® GeForce RTX™ 5060 (X4 8GB) NVIDIA® GeForce RTX™ 5050 (X2 8GB) NVIDIA® GeForce RTX™ 4050 6GB | S18: NVIDIA® GeForce RTX™ 4050 6G NVIDIA® GeForce RTX™ 3050 6G | T18: NVIDIA® GeForce RTX™ 4050 6G NVIDIA® GeForce RTX™ 3050 6G | U18: NVIDIA® GeForce RTX™ 5070 (X6 8GB) NVIDIA® GeForce RTX™ 5060 (X4 8GB) NVIDIA® GeForce RTX™ 5050 (X2 8GB) | V18: NVIDIA® GeForce RTX™ 5070 (X6 8GB) NVIDIA® GeForce RTX™ 5060 (X4 8GB) NVIDIA® GeForce RTX™ 5050 (X2 8GB)
B19: Graphic Card Power Total Graphic Power [TGP] | C19: RTX 5090: 150W RTX 5070 TI: 115W | D19: RTX 5090: 150W RTX 5080: 150W | E19: RTX 5070: 100W RTX 5060: 100W | F19: RTX 5070 Ti : 115W RTX 5070 : 100W RTX 5060 : 100W | G19: RTX 5070 Ti: 115W RTX 5070: 100W RTX 5060: 100W | H19: RTX 5070 Ti: 100W RTX 5070: 100W RTX 5060: 100W | I19: RTX 5070: 95W | J19: Turbo Mode: GN22-X2: 95W GN22-X4: 100W GN22-X6: 100W | K19: RTX 5070 Ti: 100W RTX 5070: 100W RTX 5060: 100W RTX 5050: 100W | L19: RTX 5070 Ti: 100W RTX 5070: 100W RTX 5060: 100W RTX 5050: 100W | M19: RTX 5070 Ti: 100W RTX 5070: 100W RTX 5060: 100W RTX 5050: 100W | N19: RTX 5060:45W RTX 5050: 35W RTX 4050: 35W RTX 3050: 35W | O19: RTX 5060: 50W RTX 5050: 50W RTX 4050: 80W | P19: RTX 5070: 80W RTX 5060: 80W RTX 5050: 80W | Q19: RTX 5070: 80W RTX 5060: 80W RTX 5050: 80W RTX 4050: 80W RTX 3050: 80W | R19: RTX 5070: 80W RTX 5060: 80W RTX 5050: 80W RTX 4050: 80W | S19: RTX 4050: 60W RTX 3050: 50W | T19: RTX 4050: 60W RTX 3050: 50W | U19: RTX 5070: 70W RTX 5060: 70W RTX 5050: 70W | V19: RTX 5070: 70W RTX 5060: 70W RTX 5050: 70W
B20: Dynamic Boost | C20: RTX 5090: 25W RTX 5070 Ti: 25W | D20: RTX 5090: 25W RTX 5080: 25W | E20: RTX 5070: 15W RTX 5060: 15W | F20: RTX 5070 Ti : 25W RTX 5070: 15W RTX 5060: 15W | G20: RTX 5070 Ti: 25W RTX 5070: 15W RTX 5060: 15W | H20: RTX 5070 Ti: 15W RTX 5070: 15W RTX 5060: 15W | I20: RTX 5070: 15W | J20: Turbo Mode: GN22-X2: 15W GN22-X4: 15W GN22-X6: 15W | K20: RTX 5070 Ti: 15W RTX 5070: 15W RTX 5060: 15W RTX 5050: 15W | L20: RTX 5070 Ti: 15W RTX 5070: 15W RTX 5060: 15W RTX 5050: 15W | M20: RTX 5070 Ti: 15W RTX 5070: 15W RTX 5060: 15W RTX 5050: 15W | N20: RTX5060: 10W RTX 5050: 10W RTX 4050: 10W RTX 3050: 10W | O20: RTX 5060: 10W RTX 5050: 10W RTX 4050: 10W | P20: RTX 5070: 15W RTX 5060: 15W RTX 5050: 15W | Q20: RTX 5070: 15W RTX 5060: 15W RTX 5050: 15W RTX 4050: 15W RTX 3050: 15W | R20: RTX 5070: 15W RTX 5060: 15W RTX 5050: 15W RTX 4050: 15W | S20: RTX 4050: 15W RTX 3050: 15W | T20: RTX 4050: 15W RTX 3050: 15W | U20: RTX 5070: 15W RTX 5060: 15W RTX 5050: 15W | V20: RTX 5070: 15W RTX 5060: 15W RTX 5050: 15W
B21: Graphic Card Power Max Graphic Power [MGP] | C21: RTX 5090: 175W RTX 5070 Ti: 140W | D21: RTX 5090: 175W RTX 5080: 175W | E21: RTX 5070: 115W RTX 5060: 115W | F21: RTX 5070 Ti: 140W RTX 5070: 115W RTX 5060: 115W | G21: RTX 5070 Ti: 140W RTX 5070: 115W RTX 5060: 115W | H21: RTX 5070 Ti: 115W RTX 5070: 115W RTX 5060: 115W | I21: RTX 5070: 110W | J21: Turbo Mode: GN22-X2: 110W GN22-X4: 115W GN22-X6: 115W | K21: RTX 5070 Ti: 115W RTX 5070: 115W RTX 5060: 115W RTX 5050: 115W | L21: RTX 5070 Ti: 115W RTX 5070: 115W RTX 5060: 115W RTX 5050: 115W | M21: RTX 5070 Ti: 115W RTX 5070: 115W RTX 5060: 115W RTX 5050: 115W | N21: RTX 5060: 60W RTX 5050: 60W RTX 4050: 60W RTX 3050: 60W | O21: RTX 5060: 60W RTX5050: 60W RTX4050: 60W | P21: RTX 5070: 95W RTX 5060: 95W RTX 5050: 95W | Q21: RTX 5070: 95W RTX 5060: 95W RTX 5050: 95W RTX 4050: 95W RTX 3050: 95W | R21: RTX 5070: 95W RTX 5060: 95W RTX 5050: 95W RTX 4050: 95W | S21: RTX 4050: 75W RTX 3050: 65W | T21: RTX 4050: 75W RTX 3050: 65W | U21: RTX 5070: 85W RTX 5060: 85W RTX 5050: 85W | V21: RTX 5070: 85W RTX 5060: 85W RTX 5050: 85W
B22: CPU + GPU Total Design Power [TDP] | C22: RTX 5090: 65W + 175W = 240W | D22: RTX 5090: 95W + 175W = 270W RTX 5080: 95W + 175W = 270W | E22: RTX 5070: 45W + 100W = 145W RTX 5060: 45W + 100W = 145W | F22: RTX 5070 Ti: 60W + 140W = 200W RTX 5070: 60W + 115W = 175W RTX 5060: 60W + 115W = 175W | G22: RTX 5070 Ti: 60W + 140W = 200W RTX 5070: 60W + 115W = 175W RTX 5060: 60W + 115W = 175W | H22: RTX 5070 Ti: 35W + 100W = 135W RTX 5070: 35W + 100W = 135W RTX 5060: 35W + 100W = 135W | I22: RTX 5070: 35W + 75W = 110W | J22: Turbo Mode: GN22-X2: 35+95W (130W) GN22-X4: 35+100W (135W) GN22-X6: 35+100W (135W) | K22: RTX 5070 Ti: 35W + 100W = 135W RTX 5070: 45W + 100W = 145W RTX 5060: 45W + 100W = 145W RTX 5050: 45W + 100W = 145W | L22: RTX 5070 Ti: 35W + 95W = 130W RTX 5070: 35W + 100W = 135W RTX 5060: 35W + 100W = 135W RTX 5050: 35W + 100W = 135W | M22: RTX 5070 Ti: 35W + 100W = 135W RTX 5070: 45W + 100W = 145W RTX 5060: 45W + 100W = 145W RTX 5050: 45W + 100W = 145W | N22: RTX 5060: 30W+50W=80W RTX 5050: 30W+50W=80W RTX 4050: 30W+50W=80W RTX 3050: 30W+50W=80W | O22: RTX 5060: 30W + 50W = 80W RTX 5050: 30W + 50W = 80W | P22: RTX 5070: 45W + 80W = 125W RTX 5060: 45W + 80W = 125W RTX 5050: 45W + 80W = 125W | Q22: RTX 5070: 45W + 80W = 125W RTX 5060: 45W + 80W = 125W RTX 5050: 45W + 80W = 125W RTX 4050: 45W + 80W = 125W RTX 3050: 45W + 80W = 125W | R22: RTX 5070: 45W + 80W = 125W RTX 5060: 45W + 80W = 125W RTX 5050: 45W + 80W = 125W RTX 4050: 45W + 80W = 125W | S22: RTX 4050: 30W+60W=90W RTX 3050: 35W+50W=85W | T22: RTX 4050: 30W+60W=90W RTX 3050: 35W+50W=85W | U22: RTX 5070: 45W + 70W = 115W RTX 5060: 45W + 70W = 115W RTX 5050: 45W + 70W = 115W | V22: RTX 5070: 45W + 70W = 115W RTX 5060: 45W + 70W = 115W RTX 5050: 45W + 70W = 115W
B23: GPU AI TOPS [up to] | C23: RTX 5090: 1824 TOPS RTX 5070 Ti: 992 TOPS | D23: RTX 5090: 1824 TOPS RTX 5080: 1334 TOPS | E23: RTX 5070: 798 TOPS RTX 5060: 572 TOPS | F23: RTX 5070 Ti: 992 TOPS RTX 5070: 798 TOPS RTX 5060: 572 TOPS | G23: RTX 5070 Ti: 992 TOPS RTX 5070: 798 TOPS RTX 5060: 572 TOPS | H23: RTX 5070 Ti: 992 TOPS RTX 5070: 798 TOPS RTX 5060: 572 TOPS | I23: RTX 5070: 798 TOPS | J23: TBD | K23: RTX 5070 Ti: 992 TOPS RTX 5070: 798 TOPS RTX 5060: 572 TOPS | L23: RTX 5070 Ti: 992 TOPS RTX 5070: 798 TOPS RTX 5060: 572 TOPS | M23: RTX 5070 Ti: 992 TOPS RTX 5070: 798 TOPS RTX 5060: 572 TOPS | N23: RTX 4060: 233 TOPS RTX 4050: 194 TOPS | O23: RTX 5060: 572 TOPS | P23: RTX 5070: 798 TOPS RTX 5060: 572 TOPS | Q23: RTX 5070: 798 TOPS RTX 5060: 572 TOPS | R23: RTX 5070: 798 TOPS RTX 5060: 572 TOPS | S23: RTX 4050: 194 TOPS | T23: RTX 4050: 194 TOPS | U23: RTX 5070: 798 TOPS RTX 5060: 572 TOPS RTX 5050: (TBC) | V23: RTX 5070: 798 TOPS RTX 5060: 572 TOPS RTX 5050: (TBC)
B24: NVIDIA Advanced Optimus [AO] | C24: Yes | D24: Yes | E24: Yes (with IPS LCD SKU) | F24: Yes | G24: Yes | H24: Yes | I24: NO | J24: Yes | K24: RTX 5070: Yes RTX 5060: Yes RTX 5050: Yes | L24: RTX 5070: Yes RTX 5060: Yes RTX 5050: Yes | M24: RTX 5070: Yes RTX 5060: Yes RTX 5050: Yes | N24: No | O24: No | P24: No | Q24: No | R24: No | S24: No | T24: No | U24: No | V24: No
B25: MUX Switch | C25: Yes | D25: Yes | E25: Yes (with OLED LCD SKU) | F25: Yes | G25: Yes | H25: Yes | I25: Yes | J25: No | M25: Yes | N25: Yes | O25: Yes | P25: Yes | Q25: Yes | R25: Yes | S25: No | T25: No | U25: Yes | V25: Yes
B27: Display [Panel, Resolution, Refresh Rate,Response time, Color Gamut, Brightness] | C27: Size: 16.0" Ratio: 16:10 OLED, WQXGA 2560 x 1600, 240Hz, SDR mode 600 nits, HDR mode 1000 nits, DCI-P3 100%, 3ms | D27: Size: 18.0" Ratio: 16:10 Mini LED, WQUXGA 4K, 120Hz, SDR mode 600 nits / HDR mode 1000 nits, DCI-P3 100%, 3ms (only bundle U9 + RTX5090) Mini LED, WQXGA 2560 x 1600, 250Hz, SDR mode 600 nits / HDR mode 1000 nits, DCI-P3 100%, 3ms (only bundle U9 + RTX5080 ) | E27: Size: 14.5" Ratio: 16:10 OLED, 2.8K WQXGA+ 2880*1800, 120Hz, 0.2ms, 400 nits, DCI-P3 100% IPS, WQXGA 2560*1600, 165Hz, 3ms 400 nits, sRGB 100% | F27: Size: 16.0" Ratio: 16:10 OLED WQXGA 2560 x 1600 240 Hz,400 nits DCI-P3 100%, 1ms WQXGA 2560 x 1600, 240Hz, 500 nits, DCI-P3 100%, 3ms WQXGA 2560 x 1600, 180Hz, 400 nits, sRGB 100%, 3ms WUXGA 1920 x 1200, 180Hz, 400 nits, sRGB 100%, 3ms | G27: Size: 18.0" Ratio: 16:10 Mini LED WQXGA 2560 x 1600 250 Hz, DCI-P3 100%, 3ms LED, WQXGA 2560 x 1600, 240Hz, 500 nits, DCI-P3 100%, 3ms LED, WQXGA 2560 x 1600, 165Hz, 300 nits, DCI-P3 100%, 3ms LED, WUXGA 1920 x 1200, 165Hz, 300 nits, sRGB 100%, 3ms | H27: Size: 16" Ratio: 16:10 OLED WQXGA 2560 x 1600 240 Hz, DCI-P3 100%, 1ms OLED WQXGA 2560 x 1600 165 Hz, DCI-P3 100%, 1ms | I27: Size: 14.5" Ratio: 16:10 OLED, WQXGA+ 2880*1800, 120Hz, 340 nits, DCI-P3 100%, 1ms Suuport finger touch only (not pen) | J27: Size: 16" Ratio: 16:10 OLED, WQXGA+ , 165Hz, 400 nits, DCI-P3 100%, 1ms | K27: 16" 16:10 WQXGA 2560 x 1600 /180Hz/400 nits/3ms/sRGB 100% WQXGA/180Hz/400 nits/sRGB 100% WUXGA/180Hz/400 nits/sRGB 100% | L27: 16" 16:10 WQXGA 2560 x 1600/180Hz/400 nits/3ms/sRGB 100% WQXGA/180Hz/400 nits/sRGB 100% WUXGA/180Hz/400 nits/sRGB 100% | M27: 18" 16:10 WQXGA 2560 x 1600 /165Hz/300 nits/3ms/DCI-P3 100% WUXGA/165Hz/300 nits/8ms/sRGB 100% WUXGA/165Hz/300 nits/9ms/sRGB 100% | N27: Size: 14.5" Ratio: 16:10 WQXGA/165Hz/400nits/sRGB 100% WUXGA/120Hz/300nits/sRGB 100% | O27: Size: 14.5" Ratio: 16:10 WQXGA 2560 x 1600/165Hz/400nits WUXGA/120Hz/300nits Response Time:3ms | P27: Size: 16.0" Ratio: 16:10 WQXGA 2560 x 1600/180Hz/sRGB 100%/400 nits WUXGA 1920 x 1200/180Hz/sRGB 100%/400 nits WUXGA 1920 x 1200/165Hz/NTSC 45%/300 nits Response Time: 3ms | Q27: Size: 16.0" Ratio: 16:10 WQXGA 2560 x 1600/180Hz/sRGB 100%/400 nits WUXGA 1920 x 1200/180Hz/sRGB 100%/400 nits WUXGA 1920 x 1200/165Hz/NTSC 45%/300 nits Response Time: 3ms | R27: Size: 17.3" Ratio: 16:9 QHD 2560 x 1440/165hz/3ms/DCI-P3 100%/300nits FHD/144hz/25ms/NTSC 45%/250nits FHD/180hz/3ms/sRGB 100%/300nits | S27: Size: 15.6" Ratio: 16:9 3ms for 180Hz Full HD 1920 x 1080, 180Hz, 300 nits, sRGB 100% Full HD 1920 x 1080, 165Hz, 300 nits, NTSC 45% | T27: Size: 15.6" Ratio: 16:9 3ms for 180Hz Full HD 1920 x 1080, 180Hz, 300 nits, sRGB 100% Full HD 1920 x 1080, 165Hz, 300 nits, NTSC 45% | U27: Size: 16.0" Ratio: 16:10 WQXGA 2560 x 1600/180Hz/sRGB 100%/400 nits WUXGA 1920 x 1200/180Hz/sRGB 100%/400 nits Response Time: 3ms | V27: Size: 16.0" Ratio: 16:10 WQXGA 2560 x 1600/180Hz/sRGB 100%/400 nits WUXGA 1920 x 1200/180Hz/sRGB 100%/400 nits WUXGA 1920 x 1200/165Hz/NTSC 45%/300 nits Response Time: 3ms
B28: Screen To Body Ratio [STB] | C28: 0.9065 | D28: 0.9047 | E28: 0.8946 | F28: 0.91 | G28: 0.902 | H28: 90.87%% | I28: 0.91 | J28: 0.907 | K28: 0.9065 | L28: 0.9065 | M28: 0.9047 | N28: 0.8688 | O28: 0.8688 | P28: 0.8481 | Q28: 0.8466 | R28: 0.83 | S28: 0.8264 | T28: 0.8264 | U28: 0.8671 | V28: 0.8671
B29: G-SYNC (Level) | C29: Yes (G-SYNC) | D29: Yes (G-SYNC) | E29: Yes (G-SYNC) (with IPS LCD SKU) | F29: Yes (G-SYNC) | G29: Yes (G-SYNC) | H29: Yes (G-SYNC) | I29: No | J29: Yes (G-SYNC) | K29: Yes (G-SYNC) | L29: Yes (G-SYNC) | M29: Yes (G-SYNC) | N29: No | O29: No | P29: No | Q29: No | R29: No | S29: No | T29: No | U29: No | V29: No
B30: FreeSync (Level) | C30: No | D30: No | E30: No | F30: No | G30: No | H30: No | I30: No | J30: No | K30: No | L30: No | M30: No | N30: No | O30: No | P30: No | Q30: No | R30: No | S30: No | T30: No | U30: No | V30: No
B31: HDR (High Dynamic Range) | C31: 500 | D31: 1000 | E31: N/A | F31: Yes(OLED only) | G31: Yes | H31: Yes | I31: Yes | J31: N/A | K31: N/A | L31: N/A | M31: N/A | N31: N/A | O31: N/A | P31: N/A | Q31: N/A | R31: N/A | S31: N/A | T31: N/A | U31: N/A | V31: N/A
B33: Thermal Solution
B34: Cooling Fan Material & Qty | C34: 6th AeroBlade Metal Fan*2 | D34: 6th AeroBlade Metal Fan*2 | E34: 5th AeroBlade Metal Fan*1 Plastic Fan*1 | F34: 5th AeroBlade Metal Fan*1 Plastic Fan*1 | G34: 5th AeroBlade Metal Fan*1 Plastic Fan*1 | H34: 5th AeroBlade Metal Fan*1 Plastic Fan*1 | I34: 6th AeroBlade Metal Fan*2 | J34: 5th AeroBlade Metal Fan*1 Plastic Fan*1 | K34: Plastic Fan*2 Dual-fan quad-intake quad-exhaust | L34: Plastic Fan*2 Dual-fan quad-intake quad-exhaust | M34: Plastic Fan*2 Dual-fan quad-intake quad-exhaust | N34: Plastic Fan*1 | O34: Plastic Fan*1 | P34: Plastic Fan*2 Dual-fan quad-intake quad-exhaust | Q34: Plastic Fan*2 Dual-fan quad-intake quad-exhaust | R34: Plastic Fan*2 Dual-fan quad-intake quad-exhaust | S34: Plastic Fan*2 Dual-fan dual-intake dual-exhaust | T34: Plastic Fan*2 Dual-fan dual-intake dual-exhaust | U34: Plastic Fan*2 Dual-fan quad-intake quad-exhaust | V34: Plastic Fan*2 Dual-fan quad-intake quad-exhaust
B35: Liquid Metal Thermal Grease | C35: Yes | D35: Yes | E35: Yes | F35: Yes | G35: Yes | H35: Yes | I35: Yes(Graphene on CPU) | J35: Yes | K35: Yes | L35: Yes | M35: Yes | N35: No | O35: No | P35: No | Q35: No | R35: No | S35: No | T35: No | U35: No | V35: No
B36: Vector Heat Pipe | C36: Yes | D36: Yes | E36: Yes | F36: Yes | G36: Yes | H36: No | I36: No | J36: No | K36: Yes | L36: No | M36: Yes | N36: No | O36: No | P36: No | Q36: No | R36: No | S36: No | T36: No | U36: No | V36: No
B37: Vortex Flow | C37: No | D37: No | E37: Yes | F37: No | G37: No | H37: No | I37: Yes | J37: Yes | K37: No | L37: No | M37: No | N37: No | O37: No | P37: No | Q37: No | R37: No | S37: No | T37: No | U37: No | V37: No
B38: Vapor Chamber | C38: No | D38: No | E38: No | F38: No | G38: No | H38: No | I38: Yes | J38: No | K38: No | L38: No | M38: No | N38: No | O38: No | P38: No | Q38: No | R38: No | S38: No | T38: No | U38: No | V38: No
B40: Memory | C40: DDR5 6400Hz Max Capacity; 64GB [32GB*2] | D40: DDR5 5600MT/s Up to 192 GB | E40: LPDDR5X SDRAM 7467 MT/s (on-board) Max Capacity: 32 GB | F40: DDR5 6400MT/s Max Capacity; 64 GB | G40: DDR5 6400MT/s Max Capacity; 64 GB | H40: DDR5 6400MT/s Max Capacity; 64 GB | I40: LPDDR5x 8533MT/s Max Capacity; 32 GB | J40: LPDDR5x 6400Hz (TBD) Max Capacity; 32 GB | K40: DDR5 5600MT/s x 2 Up to 32 GB | L40: DDR5 5600MT/s x 2 Up to 32 GB | M40: DDR5 5600MT/s x 2 Max Capacity; 32 GB | N40: DDR5 5600Hz Max Capacity; 32 GB | O40: DDR5 5600MT/s Max Capacity; 32 GB | P40: DDR5 (DIMM * 2, 8GB / 16GB, up to 32GB) (MT/s 5600 for Core i7) (MT/s 5200 for Core i5) | Q40: DDR5 5600MT/s Max Capacity; 32 GB | R40: DDR5 5600MT/s Max Capacity; 32 GB | S40: DDR5 5200MT/s(I5), 5600MT/s(I7) Max Capacity; 32 GB | T40: DDR5 5600MT/s Max Capacity; 32 GB | U40: DDR5 (DIMM * 2, 8GB / 16GB, up to 32GB) (MT/s 5600 for Core i7) | V40: DDR5 (DIMM * 2, 8GB / 16GB, up to 32GB) (MT/s 5600 )
B41: Storage | C41: PCIe SSD Gen5: 1, Gen4: 1 Up to 4 TB | D41: PCIe SSD Gen 5 x 3 Up to 6 TB | E41: PCIe Gen4 SSD slot: 2 Up to 2 TB | F41: PCIe Gen4 x 2 SSD slot: 2 Up to 2 TB | G41: PCIe Gen4 x 2 SSD slot: 2 Up to 2 TB | H41: PCIe Gen4 SSD x 2 Up to 2 TB | I41: PCIe Gen4 SSD: 1 Up to 2 TB | J41: PCIe Gen4 SSD: 2 Up to 2 TB | K41: PCIe Gen4 2280 M.2 SSD * 2 Up to 2TB | L41: PCIe Gen4 2280 M.2 SSD * 2 Up to 2TB | M41: PCIe Gen4 2280 SSD * 2 Up to 2TB | N41: PCIe Gen4 x 4 SSD slot: 2 Up to 2 TB | O41: PCIe Gen4 x 4 SSD slot: 2 Up to 2 TB | P41: PCIe Gen4 x 4 SSD slot: 2 Up to 2 TB | Q41: gen4 x4 & gen4 x2 SSD slot: 2 Up to 2 TB | R41: gen4 x4 & gen4 x2 SSD slot: 2 Up to 2 TB | S41: M.2 SSD PCIE Gen4 x1, Gen3 x1 SSD slot: 2 Up to 2 TB | T41: M.2 SSD PCIE Gen4 x2 SSD slot: 2 Up to 2 TB | U41: PCIe Gen4 SSD slot: 2 Up to 2 TB | V41: PCIe Gen4 SSD slot: 2 Up to 2 TB
B43: Wi-FI | C43: Killer Wi-Fi 7 1750x | D43: Kiler 1750x Wi-Fi 7 | E43: Killer Wi-Fi 6E 1675i | F43: Wi-Fi 6E 1675i | G43: Wi-Fi 6E 1675i Killer E3100 | H43: Killer Wi-Fi 6E 1675i Killer E3100 | I43: Killer Wi-Fi 7 1750i | J43: Wi-Fi 6E 1675i | K43: Wi-Fi 6E RZ616:E | L43: Wi-Fi 6E RZ616:E | M43: Wi-Fi 6E RZ616:E | N43: Wi-Fi 6 1675i | O43: Wi-Fi 6E RZ16E | P43: Killer Wi-Fi 6 | Q43: Wi-Fi 6E RZ616:E | R43: Wi-Fi 6E RZ616:E | S43: Wi-Fi 6 | T43: Wi-Fi 6E | U43: Killer Wi-Fi 6 | V43: Wi-Fi 6E
B44: Bluetooth | C44: 5.3 or above | D44: 5.3 or above | E44: 5.3 | F44: 5.4 or above | G44: 5.3 or above | H44: 5.3 or above | I44: 5.4 or above | J44: 5.3 or above | K44: 5.3+ | L44: 5.3+ | M44: 5.3+ | N44: 5.2 | O44: 5.3 or above | P44: 5.2 | Q44: 5.3 or above | R44: 5.3 or above | S44: 5.2 or above | T44: 5.3 or above | U44: 5.2 | V44: 5.3 or above
B45: LAN | C45: Killer™ Ethernet E5000B | D45: Killer™ Ethernet E5000B | E45: N/A | F45: Killer™ Ethernet E3100G | G45: Killer™ Ethernet E3100G | H45: Killer™ Ethernet E3100G | I45: N/A | J45: N/A | K45: Killer™ Ethernet E3100G | L45: Killer™ Ethernet E3100G | M45: Killer™ Ethernet E3100G | P45: Killer™ Ethernet E2600 | Q45: Killer™ Ethernet E2600 | R45: Killer™ Ethernet E2600 | S45: RTL8111H-CG | T45: RTL8111H-CG | U45: Killer™ Ethernet E2600 | V45: Killer™ Ethernet E2600
B46: Battery [W] | C46: 90Whr | D46: 99Whr | E46: 76Whr | F46: 90Whr | G46: 90Whr | H46: 76Whr | I46: 76Whr | J46: 76Whr | K46: 90Whr | L46: 76W | M46: 90Whr | N46: 76Whr | O46: 76Whr | P46: 57Whr 76Whr | Q46: 57Whr 76Whr | R46: 57Whr 76Whr | S46: 57Whr | T46: 57Whr | U46: 76Whr | V46: 76Whr
B47: AC Power Adapter | C47: 330W | D47: 400W | E47: 230W | F47: 330W | G47: 330W | H47: 230W | I47: 140W | J47: GN22-X2: 230W GN22-X4: 230W GN22-X6: 230W | K47: 5.5phy, 230W | L47: 5.5phy, WQXGA: 230W | M47: 5.5phy, 230W | N47: GN22-X4: 135W GN22-X2: 135W RTX 4050: 135W RTX 3050: 135W | O47: 135W | P47: 135W | Q47: 135W | R47: 135W | S47: 135W | T47: 135W | U47: 135W | V47: 135W
B48: I/O Ports | C48: TypeC Thunderbolt™ 5*2 Type A USB 3.2 Gen 1*1 USB 3.2 Gen 2*2 (one with offline charging) HDMI 2.1*1 microSD™ Card reader*1 3.5mm Combo Audio Jack*1 RJ-45*1 DC-In*1 K-lock*1 | D48: TypeC Thunderbolt™ 5*2 Type A USB 3.2 Gen 1*1 USB 3.2 Gen 2*2 (one with offline charging) USB 3.2 Gen 1 x 1 HDMI 2.1*1 SD™ Card reader*1 3.5mm Combo Audio Jack*1 RJ-45*1 DC-In*1 K-lock*1 | E48: TypeC Thunderbolt™ 4*1 USB 3.2 Gen 2 (DP+PD+USB)*1 TypeA USB 3.2 Gen 2*2 (one with offline charging) HDMI 2.1*1 microSD™ Card reader*1 3.5mm Combo Audio Jack*1 DC-In*1 K-lock*1 | F48: TypeC Thunderbolt™ 4 x 1 USB 3.2 Gen 2 Type C full function x 1 Type A USB 3.2 Gen 1 x 1 USB 3.2 Gen 2*2 (one with offline charging) HDMI 2.1*1 microSD™ Card reader*1 3.5mm Combo Audio Jack*1 RJ-45*1 DC-In*1 K-lock*1 | G48: TypeC Thunderbolt™ 4 x 1 USB 3.2 Gen 2 Type C x 1 Type A USB 3.2 Gen 1*2 USB 3.2 Gen 2*2 (one with offline charging) HDMI 2.1*1 microSD™ Card reader*1 3.5mm Combo Audio Jack*1 RJ-45*1 DC-In*1 K-lock*1 | H48: TypeC Thunderbolt™ 4 x 1 USB 3.2 Gen 2 full function x 1 Type A USB 3.2 Gen 1 x 2 USB 3.2 Gen 2*2 (one with offline charging) USB 3.2 Gen 1 x 1 HDMI 2.1*1 microSD™ Card reader*1 3.5mm Combo Audio Jack*1 RJ-45*1 DC-In*1 K-lock*1 | I48: TypeC Thunderbolt™ 4*1 USB 3.2 Gen 2 (USB3.2, PD3.1 with EPR(28V), DP2.1)*1 Type A USB 3.2 Gen 2*2 (one with offline charging) HDMI 2.1*1 microSD™ Card reader*1 3.5mm Combo Audio Jack*1 | J48: TypeC Thunderbolt™ 4*1 USB 3.2 Gen 2 (DP+PD+USB)*1 Type A USB 3.2 Gen 2*2 (one with offline charging) HDMI 2.1*1 microSD™ Card reader*1 3.5mm Combo Audio Jack*1 DC-In*1 K-lock*1 | K48: Type C USB 4 Full function Type A USB3.2 Gen2x2 (offline charging) USB2.0 HDMI 2.1 x 1 Micro SD card x 1 RJ45 x 1 K-lock*1 DC-In x 1 | L48: Type C USB4 x 1 USB3.2 Gen 2 full function x 1 Type A USB3.2 gen 2 x 2 (one offline charging) USB 2 HDMI 2.1 x 1 MicroSD card x 1 RJ45 x 1 DC-in x 1 K-lock*1 | M48: Type C USB4 USB 3.2 Gen 2 Full Function x 1 Type A USB3.2 Gen 2 x 2 (one offline chargin) USB2.0 HDMI 2.1 x 1 MicroSD card x 1 RJ45 x 1 DC-in x 1 K-lock*1 | N48: TypeC Thunderbolt™ 4*1 Type A USB 3.2 Gen 2*1 (with offline charging) USB 3.2 Gen 1*1 HDMI 2.1*1 microSD™ Card reader*1 3.5mm Combo Audio Jack*1 DC-In*1 K-lock*1 | O48: TypeC USB 4*2 Type A USB 3.2 Gen 2*1 (with offline charging) USB 3.2 Gen 1*1 HDMI 2.1*1 microSD™ Card reader*1 3.5mm Combo Audio Jack*1 DC-In*1 K-lock*1 | P48: TypeC Thunderbolt™ 4*1 Type A USB 3.2 Gen 2*2 (one with offline charging) USB 3.2 Gen 1*1 HDMI 2.1*1 microSD™ Card reader*1 3.5mm Combo Audio Jack*1 RJ-45*1 DC-In*1 K-lock*1 | Q48: TypeC USB 4*1 Type A USB 3.2 Gen 2*2 (one with offline charging) USB 3.2 Gen 1*1 HDMI 2.1*1 microSD™ Card reader*1 3.5mm Combo Audio Jack*1 RJ-45*1 DC-In*1 K-lock*1 | R48: TypeC USB 4*1 Type A USB 3.2 Gen 2*2 (one with offline charging) USB 3.2 Gen 1*1 HDMI 2.1*1 microSD™ Card reader*1 3.5mm Combo Audio Jack*1 RJ-45*1 DC-In*1 K-lock*1 | S48: TypeC Thunderbolt 4*1 Type A USB3.2 (Gen1) (offline charger) x 1 USB3.2 (Gen1) x 2 HDMI x 1 RJ45 x 1 Audio jack (combo) x 1 Speaker x 2 Realtek ALC245 DC-In x 1 K-lock x 1 | T48: TypeC USB 4*1 Type A USB3.2 (Gen1) (offline charger) x 1 USB3.2 (Gen1) x 2 HDMI x 1 RJ45 x 1 Audio jack (combo) x 1 Speaker x 2 Realtek ALC245 DC-In x 1 K-lock x 1 | U48: TypeC Thunderbolt™ 4*1 Type A USB 3.2 Gen 2*2 (one with offline charging) USB 3.2 Gen 1*1 HDMI 2.1*1 microSD™ Card reader*1 3.5mm Combo Audio Jack*1 RJ-45*1 DC-In*1 | V48: TypeC USB 4 Type A USB 3.2 Gen 2*2 (one with offline charging) USB 3.2 Gen 1*1 HDMI 2.1*1 microSD™ Card reader*1 3.5mm Combo Audio Jack*1 RJ-45*1 DC-In*1 K-lock*1
B49: Touchpad | C49: Yes | D49: Yes | E49: Yes | F49: Yes | G49: Yes | H49: Yes | I49: Yes(Haptic pad w/ Haptic, w/ Lighting, w/ Pen support.) | J49: Yes | K49: Yes | L49: Yes | M49: Yes | N49: Yes | O49: Yes | P49: Yes | Q49: Yes | R49: Yes | S49: Yes | T49: Yes | U49: Yes | V49: Yes
B50: Keyboard | C50: Per-Key RGB | D50: Per-Key RGB | E50: 3 Zone RGB | F50: 4 Zone RGB | G50: 4 Zone RGB | H50: 4 Zone RGB | I50: Per-Key Mini LED RGB KB. | J50: 3 Zone RGB | K50: 4 Zone RGB | L50: 4 Zone RGB | M50: 4 Zone RGB | N50: Blue color backlit KB | O50: Blue color | P50: Amber color | Q50: Amber color | R50: Amber color | S50: Amber BL KB | T50: Amber BL KB | U50: 4 Zone BL color | V50: 4 zone RGB
B51: Audio | C51: DTS® X:Ultra Speaker*4 | D51: DTS® X:Ultra Speaker*6 | E51: DTS® X:Ultra Speaker*2 | F51: DTS® X:Ultra Speaker*2 | G51: DTS® X:Ultra Speaker*2 | H51: DTS® X:Ultra Speaker*2 | I51: DTS® X:Ultra Speaker*6 | J51: DTS® X:Ultra Speaker*2 | K51: DTS® X:Ultra Speaker*2 | L51: DTS® X:Ultra Speaker*2 | M51: DTS® X:Ultra Speaker*2 | N51: DTS® X:Ultra Speaker*2 | O51: DTS® X:Ultra Speaker*2 | P51: DTS® X:Ultra Speaker*2 | Q51: DTS® X:Ultra Speaker*2 | R51: DTS® X:Ultra Speaker*2 | S51: DTS® X:Ultra Speaker*2 | T51: DTS® X:Ultra Speaker*2 | U51: DTS® X:Ultra Speaker*2 | V51: DTS® X:Ultra Speaker*2
B52: Mic | C52: 3 units | D52: 3 units | E52: 3 units | F52: 3 units | G52: 3 units | H52: 3 units | I52: 3 units | J52: 3 units | K52: 3 units | L52: 3 units | M52: 3 units | N52: 3 units | O52: 3 units | P52: 3 units | Q52: 3 units | R52: 3 units | S52: 2 units | T52: 2 units | U52: 3 units | V52: 3 units
B53: Camera Resolution | C53: FHD 1920 x 1080 IR | D53: FHD 1920 x 1080 IR | E53: FHD 1920 x 1080 IR | F53: FHD 1920 x 1080 IR | G53: FHD 1920 x 1080 IR | H53: FHD 1920 x 1080 IR | I53: FHD 1920 x 1080 IR | J53: FHD 1920 x 1080 IR | K53: FHD 1920 x 1080 IR | L53: FHD 1920 x 1080 IR | M53: FHD 1920 x 1080 IR | N53: HD 1280 x 720 | O53: FHD 1920 x 1080 IR | P53: HD 1280 x 720 | Q53: FHD 1920 x 1080 IR | R53: FHD 1920 x 1080 IR | S53: HD 1280 x 720 | T53: HD 1280 x 720 | U53: HD 1280 x 720 | V53: FHD IR
B54: OS | C54: Windows 11 Home | D54: Windows 11 Home/Pro | E54: Windows 11 Home | F54: Windows 11 Home | G54: Windows 11 Home | H54: Windows 11 Home | I54: Windows 11 Home | J54: Windows 11 Home Windows 11 Pro | K54: Windows 11 Home | L54: Windows 11 Home | M54: Windows 11 Home | N54: Windows 11 Home | O54: Windows 11 Home | P54: Windows 11 Home | Q54: Windows 11 Home | R54: Windows 11 Home | S54: Windows 11 Home | T54: Windows 11 Home | U54: Windows 11 | V54: RTX 3050: N/A RTX 4050: 194 GN22-X2: (TBC) GN22-X4: (TBC)
B55: PredatorSense/NitroSense Version | C55: v5.0 | D55: v5.0 | E55: v5.0 | F55: v5.0 | G55: v5.0 | H55: v5.0 | I55: v5.0 | J55: v5.0 | K55: v5.0 | L55: v5.0 | M55: v5.0.1196 | N55: v5.0 | O55: v5.0 | P55: v5.0 | Q55: v5.0 | R55: v5.0 | S55: v5.0 | T55: v5.0 | U55: v5.0 | V55: v5.0
B56: Xbox Game Pass | C56: 3 Month | D56: 3 Month | E56: 3 Month | F56: 3 Month | G56: 3 Month | H56: 3 Month | I56: 3 Month | J56: 3 Month | K56: 3 Month | L56: 3 Month | M56: 3 Month | N56: 3 Month | O56: 3 Month | P56: 3 Month | Q56: 3 Month | R56: 3 Month | S56: 3 Month | T56: 3 Month | U56: 3 Month | V56: 3 Month
B57: Windows Dynamic Lighting | C57: Yes | D57: Yes | E57: No | F57: No | G57: No | H57: No | I57: YES | J57: No | K57: No | L57: No | M57: No | N57: No | O57: No | P57: No | Q57: No | R57: No | S57: No | T57: No | U57: No | V57: No
... B61: Weight | C61: 2.2.65kg | D61: 3.5 kg | E61: 1.9 kg | F61: 2.7 kg | G61: 3.3kg | H61: 2.3 kg | I61: 1.6 kg | J61: 2.6 kg (TBD) | K61: 2.41 kg | L61: 2.18 kg | M61: 3.02 kg | N61: 1.6 kg | O61: 1.6 kg | P61: 2.4 kg | Q61: 2.5 kg | R61: 2.7 kg | S61: 2.1 kg | T61: 2.1 kg | U61: 2.1 kg | V61: 2.1 kg
B67: C close | J67: 45799 | N67: 12/E | O67: 2024/12/E
B68: FCS | C68: 4/M/2025 | D68: 45741 | E68: 45806 | F68: 45771 | G68: 45742 | H68: 45770 | I68: 45825 | J68: 45814 | K68: 45811 | L68: 45807 | M68: 45799 | N68: 2025/1/14 (For RTX3050/4050 only) RTX5050/5060 FCS is TBD | O68: 45811 | P68: 45881 | Q68: 45715 | R68: 45721 | S68: 45623 | T68: 2024/12/9(TBD) | U68: 45856 | V68: 45796
B69: SPEC version
B70: PM | C70: Huang, Julia | D70: Albert Pan | E70: Chiu, Phoebe | F70: Li, Ken | G70: Wang, Johnson | H70: Julia Huang | I70: Li, Ken | J70: Stanley Kuo | K70: Liu, Wade | L70: Liu, Wade | M70: Scott Hsu | N70: Wang, Jessie | O70: Hsu, Scott | P70: Chiu, Phoebe | Q70: Liu, Wade | R70: Jessie Wang | S70: Johnson Wang | T70: Albert Pan | U70: Julia Huang | V70: Wade Liu | W70: Scott Hsu | X70: Scott Hsu

Sheet DEKSTOP 2025
F1: Retrieving data. Wait a few seconds and try to cut or copy again.
B2: MASTER SPEC SHEET - 2025 GAMING DESKTOP PROJECTS
U4: Canceled | W4: Cancled
B5: Marketing Name | C5: ORION 7000 | D5: ORION 5000 | E5: ORION 3000 | F5: Orion 7000 | G5: Orion 5000 | H5: Orion 7000 | I5: Orion 5000 | J5: ORION 3000 | K5: Nitro 50 | L5: Nitro 70 | M5: Nitro 50 | N5: Nitro 30 AMD | O5: Nitro 30 Intel | P5: Nitro 20 Intel | Q5: Nitro 20 AMD | R5: Nitro 10 Intel | S5: Nitro 10 AMD | T5: Nitro 20 Intel | U5: Nitro 20 AMD | V5: Nitro 10 Intel | W5: Nitro 10 AMD
B6: Model Name | C6: PO7-660 | D6: PO5-660 | E6: PO3-660 | F6: PO7-665_Z890 | G6: PO5-665_B860 | H6: PO7-667_Z890 | I6: PO5-667_B860 | J6: PO3-665 (H810) | K6: N50-660 | L6: N70X3D-100 | M6: N50-100 | N6: N30-100 | O6: N30-100 | P6: N20-100 | Q6: N20-100 | R6: N10-100 | S6: N10-100 | T6: N20-101-RPL | U6: N20-101 | V6: N10-101-RPL | W6: N10-101
B7: Project Name | C7: Agera | D7: Agera | E7: ArteonR | F7: Agera | G7: Agera | H7: Agera | I7: Agera | J7: PO3-665 | K7: AndreyR | L7: N70X3D-100 | M7: N70X3D-100 | N7: PO3-665 | O7: PO3-665 | P7: TC101 | Q7: TC101 | R7: XC101 | S7: XC101 | T7: TC102 | U7: TC102 | V7: XC102 | W7: XC102
B9: Unique Feature | C9: Predator CycloneX 360 Predator CycloneX 360 + CPU Liquid Cooling | D9: Predator CycloneX 360 | E9: 100% glass side panel bundle Fan/light bar aRGB | F9: Predator CycloneX 360 Predator CycloneX 360 + CPU Liquid Cooling | G9: Predator CycloneX 360 | H9: Predator CycloneX 360 Predator CycloneX 360 + CPU Liquid Cooling | I9: Predator CycloneX 360 | K9: 10W wireless charging pad | L9: Nitro CycloneX 360 Nitro CycloneX 360 + CPU Liquid Cooling | M9: Nitro CycloneX 360 | Q9: Copilot+ PC Fingerprint Power On (only on AMD Ryzen AI 300 Series) | S9: Copilot+ PC Fingerprint Power On (only on AMD Ryzen AI 300 Series) | U9: Copilot+ PC Fingerprint Power On (only on AMD Ryzen AI 300 Series) | W9: Copilot+ PC Fingerprint Power On (only on AMD Ryzen AI 300 Series)
B11: AI Feature | C11: Acer Intelligence Space | D11: Acer Intelligence Space | E11: Acer Intelligence Space | F11: Acer Intelligence Space | G11: Acer Intelligence Space | H11: Acer Intelligence Space | I11: Acer Intelligence Space | J11: NA | K11: Acer Intelligence Space | L11: Acer Intelligence Space | M11: Acer Intelligence Space | N11: NA | O11: NA | P11: NA | Q11: Copilot+ PC | R11: NA | S11: Copilot+ PC | T11: NA | U11: Copilot+ PC | V11: NA | W11: Copilot+ PC
B13: Processor | C13: Intel® Core Ultra 9 285K Intel® Core Ultra 7 265KF | D13: Intel® Core Ultra 7 265F Intel® Core Ultra 5 225F | E13: Intel® Core Ultra 7 265F Intel® Core Ultra 5 225F | F13: Intel® Core Ultra 9 285K Intel® Core Ultra 7 265KF | G13: Intel® Core Ultra 7 265F Intel® Core Ultra 5 225F | H13: Intel® Core Ultra 9 285K Intel® Core Ultra 7 265KF | I13: Intel® Core Ultra 7 265F Intel® Core Ultra 5 225F | J13: Intel® Core Ultra 7 processor 265F Intel® Core™ Ultra 5 processor 225F | K13: Intel® Core™ Ultra 7 processor 265F Intel® Core™ Ultra 5 processor 225F | L13: AMD Ryzen™ 9 9950X3D AMD Ryzen™ 9 9900X3D AMD Ryzen™ 7 9800X3D | M13: AMD Ryzen™ 7 8700G AMD Ryzen™ 5 8500G AMD Ryzen™ 3 8300G | N13: AMD Ryzen 7 8700G AMD Ryzen 5 8500G AMD Ryzen 7 7700 AMD Ryzen 5 5600G | O13: Intel® Core Ultra 7 processor 265F Intel® Core™ Ultra 5 processor 225F | P13: 13th Gen Intel® Core™ i5-13420H processor | Q13: AMD RyzenTM AI 9 processor 365 processor (Strix Point) AMD RyzenTM AI 7 350 processor (Krackan Point) | R13: 13th Gen Intel® Core™ i5-13420H processor | S13: AMD RyzenTM AI 9 processor (Strix Point) AMD RyzenTM AI 7 processor (Krackan Point) | T13: 13th Gen Intel® Core™ i5-13420H processor | U13: AMD RyzenTM AI 9 processor 365 processor (Strix Point) AMD RyzenTM AI 7 350 processor (Krackan Point) | V13: 13th Gen Intel® Core™ i5-13420H processor | W13: AMD RyzenTM AI 9 processor (Strix Point) AMD RyzenTM AI 7 processor (Krackan Point)
B14: MB Chipset | C14: Intel® Z890 Chipset | D14: Intel® B860 Chipset | E14: Intel® B860 Chipset | F14: Intel® Z890 Chipset | G14: Intel® B860 Chipset | H14: Intel® Z890 Chipset | I14: Intel® B860 Chipset | L14: AMD B850 Chipset | M14: AMD B850 Chipset
B15: Processor Power (range) | C15: U9K: 125W U7KF: 125W | D15: U7F: 65W U5F: 65W | E15: U7F: 65W U5F: 65W | F15: U9K: 125W U7KF: 125W | G15: U7F: 65W U5F: 65W | H15: U9K: 125W U7KF: 125W | I15: U7F: 65W U5F: 65W | J15: U7F: 65W U5F: 65W | K15: U7F: 65W U5F: 65W | L15: R99950X3D: 170W R99900X3D: 120W R79800X3D: 120W | M15: 65W | N15: 65W | O15: U7F: 65W U5F: 65W | P15: 45W | Q15: 28W | R15: 45W | S15: 28W | T15: 45W | U15: 28W | V15: 45W | W15: 28W
B16: Processor AI TOPS [up to] | C16: CPU: 13.6 TOPs NPU: 13.1 TOPs Embeded GPU: 9 TOPs Total 36 TOPs | D16: CPU: 13.6 TOPs NPU: 13.1 TOPs Embeded GPU: 9 TOPs Total 36 TOPs | E16: CPU: 13.6 TOPs NPU: 13.1 TOPs Embeded GPU: 9 TOPs Total 36 TOPs | F16: CPU: 13.6 TOPs NPU: 13.1 TOPs Embeded GPU: 9 TOPs Total 36 TOPs | G16: CPU: 13.6 TOPs NPU: 13.1 TOPs Embeded GPU: 9 TOPs Total 36 TOPs | H16: CPU: 13.6 TOPs NPU: 13.1 TOPs Embeded GPU: 9 TOPs Total 36 TOPs | I16: CPU: 13.6 TOPs NPU: 13.1 TOPs Embeded GPU: 9 TOPs Total 36 TOPs | J16: CPU: 13.6 TOPs NPU: 13.1 TOPs Embeded GPU: 9 TOPs Total 36 TOPs | K16: CPU: 13.6 TOPs NPU: 13.1 TOPs Embeded GPU: 9 TOPs Total 36 TOPs | L16: N/A | M16: R7 8700G Total 16 TOPS | O16: CPU: 13.6 TOPs NPU: 13.1 TOPs Embeded GPU: 9 TOPs Total 36 TOPs
B17: Intel Application Optimization [APO] | C17: No | D17: No | E17: No | F17: No | G17: No | H17: No | I17: No | J17: No | K17: No | L17: No | M17: No | N17: No | O17: No | P17: No | Q17: NA | R17: No | S17: No | T17: No | U17: No | V17: No | W17: No
B19: Graphics Card | C19: NVIDIA® GeForce RTX™ 5090 32 GB NVIDIA® GeForce RTX™ 5080 16 GB NVIDIA® GeForce RTX™ 4090 24 GB NVIDIA® GeForce RTX™ 4080 SUPER 16 GB | D19: NVIDIA® GeForce RTX™ 5090 32 GB NVIDIA® GeForce RTX™ 5080 16 GB NVIDIA® GeForce RTX™ 5070 12 GB NVIDIA® GeForce RTX™ 4080 S 16 GB NVIDIA® GeForce RTX™ 4070 S 12 GB | E19: NVIDIA® GeForce RTX™ 5070 12 GB NVIDIA® GeForce RTX™ 4070 SUPER 12 GB NVIDIA® GeForce RTX™ 4060 8 GB | F19: NVIDIA® GeForce RTX™ 5090 32 GB NVIDIA® GeForce RTX™ 5080 16 GB NVIDIA® GeForce RTX™ 5070 12 GB | G19: NVIDIA® GeForce RTX™ 5080 16 GB NVIDIA® GeForce RTX™ 5070 12 GB | H19: NVIDIA® GeForce RTX™ 5090 32 GB NVIDIA® GeForce RTX™ 5080 16 GB NVIDIA® GeForce RTX™ 5070 12 GB | I19: NVIDIA® GeForce RTX™ 5080 16 GB NVIDIA® GeForce RTX™ 5070 12 GB | J19: NVIDIA® GeForce RTX™ 5070 12 GB | K19: NVIDIA® GeForce RTX™ 5070 12 GB NVIDIA® GeForce RTX™ 4060 8 GB NVIDIA® GeForce RTX™ 3050 8 GB | L19: NVIDIA® GeForce RTX™ 5090 32 GB NVIDIA® GeForce RTX™ 5080 16 GB NVIDIA® GeForce RTX™ 5070 12 GB | M19: NVIDIA® GeForce RTX™ 5080 16 GB NVIDIA® GeForce RTX™ 5070 12 GB | N19: NVIDIA® GeForce RTX™ 5070 12 GB AMD Radeon™ RX 9070 XT AMD Radeon™ RX 9060 XT | O19: NVIDIA® GeForce RTX™ 5070 12 GB Up to AMD Radeon™ RX 9070 XT | P19: NVIDIA® GeForce RTX™ 5060 8 GB NVIDIA® GeForce RTX™ 3050 6 GB | Q19: NA | R19: Intel Arc A380 | S19: NA | T19: NVIDIA® GeForce RTX™ 5060 8 GB NVIDIA® GeForce RTX™ 3050 6 GB | U19: NA | V19: Intel Arc A380 | W19: NA
B20: Graphics Card Power Max Graphic Power [MGP] | C20: RTX 5090: 575W RTX 5080: 360W RTX 4090 : 450W RTX 4080 SUPER : 320W | D20: RTX 5090: 575W RTX 5080: 360W RTX 4080 SUPER: 320W RTX 4070 SUPER : 220W | E20: RTX 5070 RTX 4070 SUPER: 220W RTX 4060: 115W | F20: RTX 5090: 575W RTX 5080: 360W RTX 5070: 250W | G20: RTX 5080: 360W RTX 5070: 250W | H20: RTX 5090: 575W RTX 5080: 360W RTX 5070: 250W | I20: RTX 5080: 360W RTX 5070: 250W | J20: RTX 5070 | K20: RTX 5070 ?W RTX 4060: 115W RTX 3050: 120W | L20: RTX 5090: 575W RTX 5080: 360W RTX 5070: 250W | M20: RTX 5080: 360W RTX 5070: 250W | N20: RTX 5070 | O20: RTX 5070 | P20: RTX 5060: 145W RTX 3050: 70W | Q20: NA | R20: 75W | S20: NA | T20: RTX 5060: 145W RTX 3050: 70W | U20: NA | V20: 75W | W20: NA
B21: GPU AI TOPS [up to] | C21: RTX 5090: 3352 TOPS RTX 5080: 1801 TOPS RTX 4090 : 1321 TOPS RTX 4080 Super: 836 TOPS | D21: RTX 5090: 3352 TOPS RTX 5080: 1801 TOPS RTX 5070: 988 TOPS RTX 4080 SUPER : 836 TOPS RTX 4070 SUPER : 568 TOPS | E21: RTX 5070: 988 TOPS RTX 4070 SUPER : 568 TOPS RTX 4060: 242 TOPS | F21: RTX 5090: 3352 TOPS RTX 5080: 1801 TOPS RTX 5070: 988 TOPS | G21: RTX 5080: 1801 TOPS RTX 5070: 988 TOPS | H21: RTX 5090: 3352 TOPS RTX 5080: 1801 TOPS RTX 5070: 988 TOPS | I21: RTX 5080: 1801 TOPS RTX 5070: 988 TOPS | J21: RTX 5070: 988 TOPS | K21: RTX 5070: 988 TOPS RTX 4060: 242 TOPS | L21: RTX 5090: 3352 TOPS RTX 5080: 1801 TOPS RTX 5070: 988 TOPS | M21: RTX 5080: 1801 TOPS RTX 5070: 988 TOPS | N21: RTX 5070: 988 TOPS | O21: RTX 5070: 988 TOPS | P21: RTX 5060: ?TOPS | Q21: NA | S21: NA
B23: CPU Cooling | C23: CycloneX 360 [ARGB] + Liquid Cooling [ARGB] | D23: AIR Cooling (120mm aRGB Fan) | E23: AIR Cooling (90mm aRGB Fan) | F23: CycloneX 360 [ARGB] + Liquid Cooling [ARGB] | G23: AIR Cooling (120mm aRGB Fan) | H23: CycloneX 360 [ARGB] + Liquid Cooling [ARGB] | I23: AIR Cooling (120mm aRGB Fan) | J23: AIR Cooling (90mm Fan) | K23: AIR Cooling | L23: CycloneX 360 [ARGB] + Liquid Cooling [ARGB] | M23: AIR Cooling (120mm aRGB Fan) | N23: AIR Cooling (90mm Fan) | O23: AIR Cooling (90mm Fan) | P23: AIR Cooling (80mm Fan) | Q23: AIR Cooling (80mm Fan) | R23: AIR Cooling (80mm Fan) | S23: AIR Cooling (80mm Fan) | T23: AIR Cooling (80mm Fan) | U23: AIR Cooling (80mm Fan) | V23: AIR Cooling (80mm Fan) | W23: AIR Cooling (80mm Fan)
B24: Graphic Card Cooling | C24: GPU Fan [default] | D24: GPU Fan | E24: GPU Fan | F24: GPU Fan [default] | G24: GPU Fan | H24: GPU Fan [default] | I24: GPU Fan | L24: GPU Fan [default] | M24: GPU Fan [default]
B25: System Cooling | C25: Front: CycloneX 360 x 1 [ARGB] Rear: System fan | D25: CycloneX 360 [ARGB] | E25: FrostBlade 3.0 Support aRGB Fan | F25: Front: CycloneX 360 x 1 [ARGB] Rear: System fan | G25: CycloneX 360 [ARGB] | H25: Front: CycloneX 360 x 1 [ARGB] Rear: System fan | I25: CycloneX 360 [ARGB] | J25: 120mm system fans | K25: 90 mm System fans | L25: Front: CycloneX 360 x 1 [ARGB] Rear: System fan | M25: Front: CycloneX 360 x 1 [ARGB] Rear: System fan | N25: 120mm system fans | O25: 120mm system fans | P25: N/A | Q25: N/A | R25: N/A | S25: N/A | T25: N/A | U25: N/A | V25: N/A | W25: N/A
B27: Memory | C27: 32/16 GB DDR5 6000MT/s RGB XMP RGB Up to 128 GB [32GB*4] of Dual-channel DDR5 6000 MT/s | D27: 32/16 GB DDR5 5600 MT/s RGB 32/16 GB DDR5 6000XMP MT/s RGB 16 GB DDR5 5600 MT/s 16 GB DDR5 6000XMP MT/s Up to 128 GB [32GB*4] of Dual-channel DDR5 MHz | E27: 16/8 GB DDR5 5600 MHz UDIMM Up to 32 GB of Dual-channel DDR5 5600 MHz | F27: 32/16 GB DDR5 6000MTs XMP RGB Up to 128 GB [32GB*4] | G27: 32/16 GB DDR5 5600 MTs RGB Up to 128 GB [32GB*4] | H27: 32/16 GB DDR5 7200MTs XMP RGB Up to 128 GB [32GB*4] | I27: 32/16 GB DDR5 7200 MTs XMP RGB Up to 128 GB [32GB*4] | J27: 16/8 GB DDR5 5600 MT/s UDIMM Up to 32 GB of Dual-channel DDR5 5600 MT/s | K27: Up to 32 GB of Dual-channel DDR5 5600 MT/s | L27: 32/16 GB DDR5 6000 MT/s XMP RGB Up to 128 GB [32GB*4] | M27: 32/16 GB DDR5 5200 MT/s RGB RGB Up to 128 GB [32GB*4] | N27: 16/8 GB DDR5 5600 MT/s UDIMM Up to 32 GB of Dual-channel DDR5 5600 MT/s | O27: 16/8 GB DDR5 5600 MT/s UDIMM Up to 32 GB of Dual-channel DDR5 5600 MHz | P27: Up to 32 GB of Dual-channel DDR4 3200 MT/s | Q27: Up to 32 GB of Dual-channel DDR5 5600 MT/s | R27: Up to 32 GB of Dual-channel DDR4 3200 MT/s | S27: Up to 32 GB of Dual-channel DDR5 5600 MT/s | T27: Up to 32 GB of Dual-channel DDR4 3200 MT/s | U27: Up to 32 GB of Dual-channel DDR5 5600 MT/s | V27: Up to 32 GB of Dual-channel DDR4 3200 MT/s | W27: Up to 32 GB of Dual-channel DDR5 5600 MT/s
B28: Memory slot | C28: 4 | D28: 4 | E28: 2 | F28: 4 | G28: 4 | H28: 4 | I28: 4 | J28: 2 | K28: 2 | L28: 4 | M28: 4 | N28: 2 | O28: 2 | P28: 2 | Q28: 2 | R28: 2 | S28: 2 | T28: 2 | U28: 2 | V28: 2 | W28: 2
B29: SSD | C29: Up to 6TB SSD storage PCIe Gen 5 NVMe M.2 SSD x 1 PCIe Gen 4 NVMe M.2 SSD x 2 | D29: Up to 2TB NVMe M.2 PCIe SSD PICe Gen 4 x 2 | E29: Up to 2TB NVMe M.2 2280 PCIe SSD PCIe Gen 4 x 2 | F29: Up to 6TB SSD storage PCIe Gen 5 NVMe M.2 SSD x 1 PCIe Gen 4 NVMe M.2 SSD x 2 | G29: Up to 2TB NVMe M.2 PCIe SSD PCIe Gen 5 NVMe M.2 SSD x 1 PCIe Gen 4 NVMe M.2 SSD x 1 | H29: Up to 6TB SSD storage PCIe Gen 5 NVMe M.2 SSD x 1 PCIe Gen 4 NVMe M.2 SSD x 2 | I29: Up to 2TB NVMe M.2 PCIe SSD PCIe Gen 5 NVMe M.2 SSD x 1 PCIe Gen 4 NVMe M.2 SSD x 1 | J29: Up to 2TB NVMe M.2 2280 PCIe SSD PCIe Gen 4 x 2 | K29: Up to 1 TB M.2 2280 PCI-e Gen4 SSD PCIe Gen 4 x 2 | L29: Up to 2TB NVMe M.2 PCIe SSD PICe Gen 4 x 2 | M29: Up to 2TB NVMe M.2 PCIe SSD PICe Gen 4 x 2 | N29: Up to 2TB NVMe M.2 2280 PCIe SSD PCIe Gen 4 x 2 | O29: Up to 2TB NVMe M.2 2280 PCIe SSD PCIe Gen 4 x 2 | P29: Up to 1TB M.2 2280 PCI-e Gen4 SSD | Q29: Up to 1TB M.2 2280 PCI-e Gen4 SSD | R29: Up to 1TB M.2 2280 PCI-e Gen4 SSD | S29: Up to 1TB M.2 2280 PCI-e Gen4 SSD | T29: Up to 1TB M.2 2280 PCI-e Gen4 SSD | U29: Up to 1TB M.2 2280 PCI-e Gen4 SSD | V29: Up to 1TB M.2 2280 PCI-e Gen4 SSD | W29: Up to 1TB M.2 2280 PCI-e Gen4 SSD
B30: HDD | C30: Up to 4 TB HDD storage 3.5” HDD x 2 2.5” HDD x 2 | D30: Up to 4 TB 3.5-inch x 2 2.5-inch x 2 | E30: Up to 2 TB 7200 RPM HDD 3.5-inch x 1 | F30: Up to 4 TB HDD storage 3.5” HDD x 2 | G30: Up to 4 TB HDD storage 3.5” HDD x 2 | H30: Up to 4 TB HDD storage 3.5” HDD x 2 | I30: Up to 4 TB HDD storage 3.5” HDD x 2 | J30: Up to 2 TB 7200 RPM HDD 3.5-inch x 1 | K30: Up to 2TB 7200 RPM HDD 3.5-inch x 1 | L30: Up to 4 TB HDD storage 3.5” HDD x 2 | M30: Up to 4 TB HDD storage 3.5” HDD x 2 | N30: Up to 2 TB 7200 RPM HDD 3.5-inch x 1 | O30: Up to 2 TB 7200 RPM HDD 3.5-inch x 1 | P30: Up to 1TB 3.5" HDD | Q30: Up to 1TB 3.5" HDD | R30: Up to 1TB 3.5" HDD | S30: Up to 1TB 3.5" HDD | T30: Up to 1TB 3.5" HDD | U30: Up to 1TB 3.5" HDD | V30: Up to 1TB 3.5" HDD | W30: Up to 1TB 3.5" HDD
B32: LAN | C32: Killer™ Ethernet E3100G | D32: Killer™ Ethernet E3100G | E32: Killer™ Ethernet E2600G | F32: Killer™ Ethernet E3100G | G32: Killer™ Ethernet E3100G | H32: Killer™ Ethernet E3100G | I32: Killer™ Ethernet E3100G | J32: Realtek 8111H Ethernet | K32: RealTek Dragon RTL8118AS | L32: Realtek 8125BG | M32: Realtek 8125BG | N32: Realtek 8111H Ethernet | O32: Realtek 8111H Ethernet | P32: Realtek RTL8111H Gigabit Ethernet | Q32: Realtek RTL8111H Gigabit Ethernet | R32: Realtek RTL8111H Gigabit Ethernet | S32: Realtek RTL8111H Gigabit Ethernet | T32: Realtek RTL8111H Gigabit Ethernet | U32: Realtek RTL8111H Gigabit Ethernet | V32: Realtek RTL8111H Gigabit Ethernet | W32: Realtek RTL8111H Gigabit Ethernet
B33: Wireless LAN | C33: Wi-Fi 7/6E | D33: Wi-Fi 7/6E | E33: Wi-Fi 7/6E | F33: Wi-Fi 7/6E | G33: Wi-Fi 7/6E | H33: Wi-Fi 7/6E | I33: Wi-Fi 7/6E | J33: Wi-Fi 7/6E | K33: Up to WiFi 7 | L33: Wi-Fi 7/6E | M33: Wi-Fi 7/6E | N33: Wi-Fi 7/6E | O33: Wi-Fi 7/6E | P33: Up to WiFi 6E | Q33: Up to WiFi 7 | R33: Up to WiFi 6E | S33: Up to WiFi 7 | T33: Up to WiFi 6E | U33: Up to WiFi 7 | V33: Up to WiFi 6E | W33: Up to WiFi 7
B34: Bluetooth | C34: 5 | D34: 5 | E34: 5 | F34: 5 | G34: 5 | H34: 5 | I34: 5 | J34: 5 | K34: 5 | L34: 5 | M34: 5 | N34: 5 | O34: 5 | P34: 5.2 | Q34: 5.2 | R34: 5.2 | S34: 5.2 | T34: 5.2 | U34: 5.2 | V34: 5.2 | W34: 5.2
B36: AC Power Adapter | C36: 1200W | D36: 800W | E36: 500 W PFC, auto-sensing, 80PLUS® Gold, TFX 750 W PFC, 80PLUS® Gold, ATX (TBD) | F36: 1200W | G36: 850W | H36: 1200W | I36: 850W | J36: 850 W PFC, auto-sensing, 80PLUS® Gold, TFX | K36: 500 W PFC, auto-sensing, 80PLUS® Gold, ATX | L36: 1200W | M36: 850W | N36: 850 W PFC, auto-sensing, 80PLUS® Gold, TFX | O36: 850 W PFC, auto-sensing, 80PLUS® Gold, TFX | P36: 500 W | Q36: 500 W | R36: 200 W | S36: 200 W | T36: 400 W | U36: 400 W | V36: 180 W | W36: 180 W
B37: I/O Ports | C37: Front/Front I/O connectors • USB 3.2 Gen1 5Gbps Type A port(s): 3 • USB 3.2 Gen1 5Gbps Type C port(s): 1 Rear I/O connectors • LAN port(s): 1 • Audio jack(s): 3 [line in, audio out, mic] • USB 2.0 Type A port(s): 2 • USB 3.2 Gen2 10Gbps Type A port(s): 3 • Thunderbolt 4: 1 | D37: Front/Side I/O connectors • USB 3.2 Gen1 5Gbps Type A port(s): 3 • USB 3.2 Gen1 5Gbps Type C port(s): 1 Rear I/O connectors • LAN port(s): 1 • Audio jack(s): 3 [line in, audio out, mic] • USB 2.0 Type A port(s): 4 • USB 3.2 Gen2 10Gbps Type A port(s): 1 | E37: Front/Side I/O connectors • Audio jack(s): 1 (headphone + mic, mic) • USB 3.2 Gen2 10Gbps Type A port(s): 2 • USB 3.2 Gen2x2 20Gbps Type C port(s): 1 Rear I/O connectors • LAN port(s): 1 • Audio jack(s): 3 [line in, audio out, mic] • USB 2.0 Type A port(s): 4 • USB 3.2 Gen1 5Gbps Type A port(s): 2 | F37: Front/Front I/O connectors • USB 3.2 Gen1 5Gbps Type A port(s): 2 • USB 3.2 Gen1 5Gbps Type C port(s): 1 Audio jack(s): 1 (headphone + mic, mic) Rear I/O connectors • LAN port(s): 1 • Audio jack(s): 3 [line in, audio out, mic] • USB 2.0 Type A port(s): 2 • USB 3.2 Gen2 10Gbps Type A port(s): 3 • Thunderbolt 4: 1 | G37: Front/Front I/O connectors • USB 3.2 Gen1 5Gbps Type A port(s): 2 • USB 3.2 Gen1 5Gbps Type C port(s): 1 Audio jack(s): 1 (headphone + mic, mic) Rear I/O connectors • LAN port(s): 1 • Audio jack(s): 3 [line in, audio out, mic] • USB 2.0 Type A port(s): 4 • USB 3.2 Gen2 10Gbps Type A port(s): 1 | H37: Front/Front I/O connectors • USB 3.2 Gen1 5Gbps Type A port(s): 2 • USB 3.2 Gen1 5Gbps Type C port(s): 1 Audio jack(s): 1 (headphone + mic, mic) Rear I/O connectors • LAN port(s): 1 • Audio jack(s): 3 [line in, audio out, mic] • USB 2.0 Type A port(s): 2 • USB 3.2 Gen2 10Gbps Type A port(s): 3 • Thunderbolt 4: 1 | I37: Front/Front I/O connectors • USB 3.2 Gen1 5Gbps Type A port(s): 2 • USB 3.2 Gen1 5Gbps Type C port(s): 1 Audio jack(s): 1 (headphone + mic, mic) Rear I/O connectors • LAN port(s): 1 • Audio jack(s): 3 [line in, audio out, mic] • USB 2.0 Type A port(s): 4 • USB 3.2 Gen2 10Gbps Type A port(s): 1 | J37: Front/Side I/O connectors • Audio jack(s): 1 (headphone + mic, mic) • USB 3.2 Gen2 10Gbps Type A port(s): 2 • USB 3.2 Gen2x2 20Gbps Type C port(s): 1 Rear I/O connectors • LAN port(s): 1 • Audio jack(s): 3 [line in, audio out, mic] • USB 2.0 Type A port(s): 4 • USB 3.2 Gen1 5Gbps Type A port(s): 2 | K37: Front/Side I/O connectors • Card reader: N • Audio jack(s): 2 • USB 3.2 Gen2 10Gbps Type A port(s): 2 • USB 3.2 Gen2x2 20Gbps Type C port(s): 1 Rear I/O connectors • LAN port(s): 1 • Audio jack(s): 3 • USB 3.2 Gen 2 Type A: 1 • USB 3.2 Gen1 5Gbps Type A port(s): 2 | L37: Front/Front I/O connectors • USB 3.2 Gen1 5Gbps Type A port(s): 2 • USB 3.2 Gen1 5Gbps Type C port(s): 1 Audio jack(s): 1 (headphone + mic, mic) Rear I/O connectors • LAN port(s): 1 • Audio jack(s): 3 [line in, audio out, mic] • USB 2.0 Type A port(s): 2 • USB 3.2 Gen2 10Gbps Type A port(s): 2 • USB 3.2 Gen2 10Gbps Type C port[s]: 1 | M37: Front/Front I/O connectors • USB 3.2 Gen1 5Gbps Type A port(s): 2 • USB 3.2 Gen1 5Gbps Type C port(s): 1 Audio jack(s): 1 (headphone + mic, mic) Rear I/O connectors • LAN port(s): 1 • Audio jack(s): 3 [line in, audio out, mic] • USB 2.0 Type A port(s): 2 • USB 3.2 Gen2 10Gbps Type A port(s): 2 • USB 3.2 Gen2 10Gbps Type C port[s]: 1 | N37: Front/Side I/O connectors • Audio jack(s): 1 (headphone + mic, mic) • USB 3.2 Gen2 10Gbps Type A port(s): 2 • USB 3.2 Gen2x2 20Gbps Type C port(s): 1 Rear I/O connectors • LAN port(s): 1 • Audio jack(s): 3 [line in, audio out, mic] • USB 2.0 Type A port(s): 4 • USB 3.2 Gen1 5Gbps Type A port(s): 2 | O37: Front/Side I/O connectors • Audio jack(s): 1 (headphone + mic, mic) • USB 3.2 Gen2 10Gbps Type A port(s): 2 • USB 3.2 Gen2x2 20Gbps Type C port(s): 1 Rear I/O connectors • LAN port(s): 1 • Audio jack(s): 3 [line in, audio out, mic] • USB 2.0 Type A port(s): 4 • USB 3.2 Gen1 5Gbps Type A port(s): 2 | P37: Front/Side I/O connectors • Card reader: N • Audio jack(s): 2 • USB 2.0 Type A port(s): 2 • USB 3.2 Gen1 5Gbps Type A port(s): 2 • USB 3.2 Gen1 5Gbps Type C port(s): 1 Rear I/O connectors • D-Sub port(s): 1 • HDMI port(s): 1 • COM port(s): 1 • LAN port(s): 2 • Audio jack(s): 2 • USB 2.0 Type A port(s): 2 • USB 3.2 Gen2 10Gbps Type A port(s): 2 | Q37: Front/Side I/O connectors • Card reader: N • Audio jack(s): 2 • USB 2.0 Type A port(s): 2 • USB 3.2 Gen1 5Gbps Type A port(s): 2 • USB 3.2 Gen1 5Gbps Type C port(s): 1 Rear I/O connectors • D-Sub port(s): 1 • HDMI port(s): 1 • COM port(s): 1 • LAN port(s): 1 • Audio jack(s): 2 • USB 2.0 Type A port(s): 2 • USB 3.2 Gen2 10Gbps Type A port(s): 2 | R37: Front/Side I/O connectors • Card reader: N • Audio jack(s): 2 • USB 2.0 Type A port(s): 2 • USB 3.2 Gen1 5Gbps Type A port(s): 2 • USB 3.2 Gen1 5Gbps Type C port(s): 1 Rear I/O connectors • D-Sub port(s): 1 • HDMI port(s): 1 • COM port(s): 1 • LAN port(s): 2 • Audio jack(s): 2 • USB 2.0 Type A port(s): 2 • USB 3.2 Gen2 10Gbps Type A port(s): 2 | S37: Front/Side I/O connectors • Card reader: N • Audio jack(s): 2 • USB 2.0 Type A port(s): 2 • USB 3.2 Gen1 5Gbps Type A port(s): 2 • USB 3.2 Gen1 5Gbps Type C port(s): 1 Rear I/O connectors • D-Sub port(s): 1 • HDMI port(s): 1 • COM port(s): 1 • LAN port(s): 1 • Audio jack(s): 2 • USB 2.0 Type A port(s): 2 • USB 3.2 Gen2 10Gbps Type A port(s): 2 | T37: Front/Side I/O connectors • Card reader: N • Audio jack(s): 1 • USB 2.0 Type A port(s): 2 • USB 3.2 Gen1 5Gbps Type A port(s): 2 • USB 3.2 Gen1 5Gbps Type C port(s): 1 Rear I/O connectors • D-Sub port(s): 1 • HDMI port(s): 1 • DP port(s): 1 • LAN port(s): 2 • Audio jack(s): 2 • USB 2.0 Type A port(s): 2 • USB 3.2 Gen2 10Gbps Type A port(s): 2 | U37: Front/Side I/O connectors • Card reader: N • Audio jack(s): 1 • USB 2.0 Type A port(s): 2 • USB 3.2 Gen1 5Gbps Type A port(s): 2 • USB 3.2 Gen1 5Gbps Type C port(s): 1 Rear I/O connectors • D-Sub port(s): 1 • HDMI port(s): 1 • DP port(s): 1 • LAN port(s): 1 • Audio jack(s): 2 • USB 2.0 Type A port(s): 2 • USB 3.2 Gen2 10Gbps Type A port(s): 2 | V37: Front/Side I/O connectors • Card reader: N • Audio jack(s): 1 • USB 2.0 Type A port(s): 2 • USB 3.2 Gen1 5Gbps Type A port(s): 2 • USB 3.2 Gen1 5Gbps Type C port(s): 1 Rear I/O connectors • D-Sub port(s): 1 • HDMI port(s): 1 • DP port(s): 1 • LAN port(s): 2 • Audio jack(s): 2 • USB 2.0 Type A port(s): 2 • USB 3.2 Gen2 10Gbps Type A port(s): 2 | W37: Front/Side I/O connectors • Card reader: N • Audio jack(s): 1 • USB 2.0 Type A port(s): 2 • USB 3.2 Gen1 5Gbps Type A port(s): 2 • USB 3.2 Gen1 5Gbps Type C port(s): 1 Rear I/O connectors • D-Sub port(s): 1 • HDMI port(s): 1 • DP port(s): 1 • LAN port(s): 1 • Audio jack(s): 2 • USB 2.0 Type A port(s): 2 • USB 3.2 Gen2 10Gbps Type A port(s): 2
B38: Hot Swap | C38: M.2 SSD x 1 (emply slot, up to 4 TB) | D38: N/A | E38: N/A | F38: N/A | G38: N/A | H38: N/A | I38: N/A | J38: N/A | K38: N/A | L38: N/A | M38: N/A | N38: N/A | O38: N/A | P38: N/A | Q38: N/A | R38: N/A | S38: N/A | T38: N/A | U38: N/A | V38: N/A | W38: N/A
B39: I/O expansions | C39: PCIe Gen 5 x16 slot: 1 PCIe M.2 WLAN slot: 1 PCIe Gen 5 x4 M.2 SSD slot: 1 PCIe Gen 4 x4 M.2 SSD slot: 2 | D39: • PCIe x16 slot(s): 1 • M.2 slot (for SSD): 2 • M.2 slot (for WLAN): 1 | E39: • PCIe x16 slot(s): 1 • M.2 slot (for SSD): 2 • M.2 slot (for WLAN): 1 | F39: PCIe Gen 5 x16 slot: 1 PCIe M.2 WLAN slot: 1 PCIe Gen 5 x4 M.2 SSD slot: 1 PCIe Gen 4 x4 M.2 SSD slot: 2 | G39: • PCIe x16 slot(s): 1 • M.2 slot (for SSD): 2 • M.2 slot (for WLAN): 1 | H39: PCIe Gen 5 x16 slot: 1 PCIe M.2 WLAN slot: 1 PCIe Gen 5 x4 M.2 SSD slot: 1 PCIe Gen 4 x4 M.2 SSD slot: 2 | I39: • PCIe x16 slot(s): 1 • M.2 slot (for SSD): 2 • M.2 slot (for WLAN): 1 | J39: • PCIe x16 slot(s): 1 • M.2 slot (for SSD): 2 • M.2 slot (for WLAN): 1 | K39: •PCIe x16 slot(s): 1 • PCIe x1 slot(s): 1 • M.2 slot (for SSD): 2 • M.2 slot (for WLAN): 1 | L39: PCIe Gen 5 x16 slot: 1 PCIe M.2 WLAN slot: 1 PCIe Gen 4 x4 M.2 SSD slot: 2 | M39: PCIe Gen 5 x16 slot: 1 PCIe M.2 WLAN slot: 1 PCIe Gen 4 x4 M.2 SSD slot: 2 | N39: • PCIe x16 slot(s): 1 • M.2 slot (for SSD): 2 • M.2 slot (for WLAN): 1 | O39: • PCIe x16 slot(s): 1 • M.2 slot (for SSD): 2 • M.2 slot (for WLAN): 1 | P39: •PCIe x16 slot(s): 1 • PCIe x1 slot(s): 1 • M.2 slot (for SSD): 1 • M.2 slot (for WLAN): 1 | Q39: •PCIe x16 slot(s): 1 • PCIe x1 slot(s): 1 • M.2 slot (for SSD): 1 • M.2 slot (for WLAN): 1 | R39: •PCIe x16 slot(s): 1 • PCIe x1 slot(s): 1 • M.2 slot (for SSD): 1 • M.2 slot (for WLAN): 1 | S39: •PCIe x16 slot(s): 1 • PCIe x1 slot(s): 1 • M.2 slot (for SSD): 1 • M.2 slot (for WLAN): 1 | T39: •PCIe x16 slot(s): 1 • PCIe x1 slot(s): 1 • M.2 slot (for SSD): 1 • M.2 slot (for WLAN): 1 | U39: •PCIe x16 slot(s): 1 • PCIe x1 slot(s): 1 • M.2 slot (for SSD): 1 • M.2 slot (for WLAN): 1 | V39: •PCIe x16 slot(s): 1 • PCIe x1 slot(s): 1 • M.2 slot (for SSD): 1 • M.2 slot (for WLAN): 1 | W39: •PCIe x16 slot(s): 1 • PCIe x1 slot(s): 1 • M.2 slot (for SSD): 1 • M.2 slot (for WLAN): 1
B40: SATA | C40: 2 x 3.5” SATA3 6.0Gb/s HDD connector 2 x 2.5” SATA3 6.0Gb/s SSD connector | D40: 2 x 3.5” SATA3 6.0Gb/s HDD connector 2 x 2.5” SATA3 6.0Gb/s SSD connector | E40: 1 x 3.5” SATA3 HDD M.2 SSD/2280/2242 | F40: 2 x 3.5” SATA3 6.0Gb/s HDD connector | G40: 2 x 3.5” SATA3 6.0Gb/s HDD connector | H40: 2 x 3.5” SATA3 6.0Gb/s HDD connector | I40: 2 x 3.5” SATA3 6.0Gb/s HDD connector | J40: 1 x 3.5” SATA3 HDD M.2 SSD/2280/2242 | K40: 2 x 3.5” SATA3 6.0Gb/s HDD connector (up to 2TB/each) | L40: 2 x 3.5” SATA3 6.0Gb/s HDD connector | M40: 2 x 3.5” SATA3 6.0Gb/s HDD connector | N40: 1 x 3.5” SATA3 HDD M.2 SSD/2280/2242 | O40: 1 x 3.5” SATA3 HDD M.2 SSD/2280/2242
B41: Audio | C41: DTS:X® Ultra | D41: DTS:X® Ultra | E41: DTS:X® Ultra | F41: DTS:X® Ultra | G41: DTS:X® Ultra | H41: DTS:X® Ultra | I41: DTS:X® Ultra | J41: DTS:X® Ultra | K41: DTS:X® Ultra | L41: DTS:X® Ultra | M41: DTS:X® Ultra | N41: DTS:X® Ultra | O41: DTS:X® Ultra | P41: Integrated high-definition sound | Q41: Integrated high-definition sound | R41: Integrated high-definition sound | S41: Integrated high-definition sound | T41: Integrated high-definition sound | U41: Integrated high-definition sound | V41: Integrated high-definition sound | W41: Integrated high-definition sound
B42: OS | C42: Windows 11 Home 64-bit. UEFI Shell | D42: Windows 11 Home 64-bit. UEFI Shell | E42: Windows 11 Home 64-bit. UEFI Shell | F42: Windows 11 Home 64-bit. UEFI Shell | G42: Windows 11 Home 64-bit. UEFI Shell | H42: Windows 11 Home 64-bit. UEFI Shell | I42: Windows 11 Home 64-bit. UEFI Shell | J42: Windows 11 Home 64-bit. UEFI Shell | K42: Windows 11 Home 64-bit. UEFI Shell | L42: Windows 11 Home 64-bit. UEFI Shell | M42: Windows 11 Home 64-bit. UEFI Shell | N42: Windows 11 Home 64-bit. UEFI Shell | O42: Windows 11 Home 64-bit. UEFI Shell | P42: Windows 11 Home 64-bit. UEFI Shell | Q42: Windows 11 Home 64-bit. UEFI Shell | R42: Windows 11 Home 64-bit. UEFI Shell | S42: Windows 11 Home 64-bit. UEFI Shell | T42: Windows 11 Home 64-bit. UEFI Shell | U42: Windows 11 Home 64-bit. UEFI Shell | V42: Windows 11 Home 64-bit. UEFI Shell | W42: Windows 11 Home 64-bit. UEFI Shell
B43: PredatorSense/NitroSense Version | C43: v4.0 | D43: v4.0 | E43: v4.0 | F43: v4.0 | G43: v4.0 | H43: v4.0 | I43: v4.0 | J43: NA | K43: v4.0 | L43: N/A | M43: N/A | N43: NA | O43: NA | P43: NA | Q43: NA | R43: NA | S43: NA | T43: NA | U43: NA | V43: NA | W43: NA
B44: Acer Intellengence Space | F44: Yes | G44: Yes | H44: Yes | I44: Yes | L44: Yes | M44: Yes
B46: Material [PCR %] | C46: 85% [Plastic Part] | D46: 0.85 | E46: 0.85 | H46: 0.65 | I46: 0.65 | J46: 0.85 | K46: N/A | L46: 0.65 | M46: 0.65 | N46: 0.85 | O46: 0.85 | P46: N/A | Q46: N/A | R46: N/A | S46: N/A | T46: N/A | U46: N/A | V46: N/A | W46: N/A
B47: Dimension [W*D*H] | C47: 219 (W) x 504.8 (D) x 485 (H) mm | D47: 219 (W) x 482 (D) x 485 (H) mm | E47: 175 (W) x 377 (D) x 385 (H) mm | F47: 216.4 (W) x 489.34 (D) x 513.1 (H) mm | G47: 216.4 (W) x 489.34 (D) x 513.1 (H) mm | H47: 216.4 (W) x 461.7 (D) x 495.4 (H) mm | I47: 216.4 (W) x 461.7 (D) x 495.4 (H) mm | J47: 190 (W) x 438 (D) x 378 (H) mm | K47: 175 (W) x 386 (D) x 392 (H) mm | L47: 216.4 (W) x 489.34 (D) x 513.1 (H) mm | M47: 216.4 (W) x 489.34 (D) x 513.1 (H) mm | N47: 190 (W) x 438 (D) x 378 (H) mm | O47: 190 (W) x 438 (D) x 378 (H) mm | P47: 170 (W) x 300 (D) x 355 (H) mm | Q47: 170 (W) x 300 (D) x 355 (H) mm | R47: 100 (W) x 300 (D) x 280 (H) mm | S47: 100 (W) x 300 (D) x 280 (H) mm | T47: 160 (W) x 306 (D) x 348 (H) mm | U47: 160 (W) x 306 (D) x 348 (H) mm | V47: 100 (W) x 295 (D) x 330 (H) mm | W47: 100 (W) x 295 (D) x 330 (H) mm
B48: Weight | C48: 25kg | D48: 25kg | F48: 30kg | G48: 30kg | H48: TBD | I48: TBD | J48: 12 kg | K48: 7.4kg | L48: 30kg | M48: 30kg | N48: 12 kg | O48: 12 kg
B49: Volume (L) | C49: 38L | D49: 38L | E49: 18L | F49: 45L | G49: 45L | H49: 45L | I49: 45L | J49: 28L | K49: 18L | L49: 45L | M49: 45L | N49: 28L | O49: 28L | P49: 15L | Q49: 15L | R49: 8L | S49: 8L | T49: 15L | U49: 15L | V49: 9L | W49: 9L
B53: FCS | C53: 45583 | D53: 45681 | E53: 45667 | F53: 45900 | G53: 45900 | H53: Q4/2025 | I53: Q4/2025 | J53: 5/E/2025 | K53: 3/E/2025 | L53: 45869 | M53: 45869 | N53: 5/E/2025 | O53: 5/E/2025 | P53: 6/E/2025 | Q53: 6/E/2025 | R53: 6/E/2025 | S53: 6/E/2025 | T53: 45900 | U53: 45930 | V53: 45900 | W53: 45930
B55: PM | C55: Su, Sarah | D55: Su, Sarah | E55: Callen | F55: Kirt, Zhang | G55: Kirt, Zhang | H55: James L | I55: James L | J55: Koa | K55: Callen Chao | L55: Kirt, Zhang | M55: Kirt, Zhang | N55: Koa | O55: Koa | P55: Hour Tsai | Q55: Hour Tsai | R55: Hour Tsai | S55: Hour Tsai | T55: Hour Tsai | U55: Hour Tsai | V55: Hour Tsai | W55: Hour Tsai

Sheet 2025 Project
A1: Seg | B1: Size | C1: GPU | D1: Detail | E1: Project Name | F1: Project PM | G1: BM owner | H1: ODM | I1: CPU | J1: Model name | K1: Marketing name | L1: FCS[Nov 11 update] | M1: PR Announce | N1: BM Focus
A2: Helios | B2: 18 | C2: B1 | D2: RTX 5080, 5090/175W/16GB/GDDR7/Jan | E2: Vantage_ARX | F2: Albert | G2: Jackson | H2: Quanta | I2: Arrow Lake-HX | J2: PH18-73 | K2: Predator Helios 18 AI | L2: X9, Mar 31, 2025 X11, May 23, 2025 | M2: CES
B3: 16 | C3: B1 | D3: RTX 5080, 5090/175W/16GB/GDDR7/Jan | E3: Emira_ARX | F3: Julia | G3: Andy | H3: Quanta | I3: Arrow Lake-HX | J3: PH16-73 | K3: Predator Helios 16 AI | L3: 45784 | M3: CES
A4: Helios Neo | B4: 18 | C4: B1 | D4: RTX 5070Ti, 5080, 5090/175W/16GB/GDDR7/Jan | E4: iX1_ARX | F4: Johnson | G4: Jackson | H4: Quanta | I4: Arrow Lake-HX | J4: PHN18-72 | K4: Predator Helios Neo 18 AI | L4: B1: Apr 11, 2025 B2 Jun 6, 2025 | M4: IEM Katowice
C5: B2 | D5: RTX 5070, 5060, 5050/140W/8GB/GDDR7/Feb
B6: 16 | C6: B1 | D6: RTX 5070Ti/175W/16GB/GDDR7/Jan | E6: Macan_ARX | F6: Ken | G6: Andy | H6: Quanta | I6: Arrow Lake-HX | J6: PHN16-73 | K6: Predator Helios Neo 16 AI | L6: X7: Mar 31, 2025 X4: May 29, 2025 | M6: IEM Katowice
C7: B2 | D7: RTX 5070, 5060, 5050/140W/8GB/GDDR7/Feb | N7: PA [Costco], EMEA
B8: 16 Slim | C8: B1/B2 | D8: RTX 5070, 5060, 5050/140W/8GB/GDDR7/Feb | E8: FTYPE_ARX | F8: Johnson | G8: Sherry | H8: Quanta | I8: Arrow Lake-HX | J8: PHN16S-71 | K8: Predator Helios Neo 16S AI | L8: X7: Mar 31, 2025 X4: Apr 30, 2025 | M8: CES | N8: PAP, PA [BBY]
B9: 14.5 | C9: B2 | D9: RTX 5070, 5060, 5050/140W/8GB/GDDR7/Feb | E9: Panamera_ARH | F9: Phoebe | G9: Andy | H9: Compal | I9: Arrow Lake-H | J9: PHN14-71 | K9: Predator Helios Neo 14 AI | L9: 45806 | M9: Computex | N9: PA
A10: Triton | B10: 14.5 | C10: B2 | D10: RTX 5070, 5060, 5050/140W/8GB/GDDR7/Feb | E10: Mulliner_LNV | F10: Ken | G10: Sherry | H10: Quanta | I10: Lunar lake -MX | J10: PT14-52T | K10: Predator Triton 14 AI | L10: 45869 | M10: Computex | N10: PA, PAP, EMEA
A11: Triton Neo | B11: 16 | C11: B2 | D11: RTX 5070, 5060, 5050/140W/8GB/GDDR7/Feb | E11: Cybertruck_ARH | F11: Stanley | G11: Sherry | H11: Compal | I11: Arrow Lake-H | J11: PTN16-71 | K11: Predator Triton Neo 16 AI | L11: 45800 | N11: DROP
A12: Nitro | B12: 16 | C12: B2 (Intel) | D12: RTX 5070, 5060, 5050/140W/8GB/GDDR7/Feb | E12: EV9_ARX | F12: Julia | G12: Sherry | H12: Quanta | I12: Arrow Lake-HX | J12: AN16-74 | K12: Acer Nitro 16 AI | L12: DROP
C13: B1/B2 | D13: RTX 5070, 5060, 5050/140W/8GB/GDDR7/Feb | E13: EV9_SKF | F13: Wade | G13: Sherry | H13: Quanta | I13: Strix Point-HS Krackan Point-HS | J13: AN16-61 | K13: Acer Nitro 16 AI | L13: B1: Jul 8, 2025 B2: Jun 23, 2025 | M13: NV B2 Embargo | N13: EMEA
B14: 16 Slim | C14: B1/B2 | D14: RTX 5070, 5060, 5050/140W/8GB/GDDR7/Feb | E14: EV3_SKF | F14: Wade | G14: Jackson | H14: Quanta | I14: Strix Point-HS Krackan Point-HS | J14: AN16S-61 | K14: Acer Nitro 16S AI | L14: B1: Jul 13, 2025 B2: Jun 27, 2025 | M14: NV B2 Embargo | N14: PAP, PA, EMEA
B15: 18 | C15: B2 (Intel) | D15: RTX 5070, 5060, 5050/140W/8GB/GDDR7/Feb | E15: GLC | F15: Albert | H15: Quanta | I15: Arrow Lake-HX | J15: AN18-71 | K15: Acer Nitro 18 AI | L15: DROP | M15: NV B2 Embargo
C16: B1/B2 | D16: RTX 5070, 5060, 5050/140W/8GB/GDDR7/Feb | E16: GLC_SKF | F16: Stanley | G16: Sherry | H16: Quanta | I16: Strix Point-HS Krackan Point-HS | J16: AN18-61 | K16: Acer Nitro 18 AI | L16: B1: Aug 13, 2025 B2 Jun 23, 2025 | M16: NV B2 Embargo
A17: Nitro V | B17: 17 | C17: B2 (Intel) | D17: RTX 5070, 5060, 5050/140W/8GB/GDDR7/Feb | E17: SU7 | F17: Johnson | H17: Quanta | I17: Raptor Lake-H-R | J17: ANV17-71 | K17: Acer Nitro V 17 | L17: DROP
C18: B3 (Intel) | D18: RTX 4050/140W/6GB/GDDR6 ; RTX 3050/95W/6GB/GDDR6 ; RTX 2050/70W/4GB/GDDR6
C19: B2 (AMD) | D19: RTX 5070, 5060, 5050/140W/8GB/GDDR7/Feb | E19: SU7_SKF | F19: Stanley | G19: Jackson | H19: Compal | I19: Strix Point-HS Krackan Point-HS | J19: ANV17-41 [Hawk Point] ANV17-61 [Krackan Point] | K19: Acer Nitro V 17 AI | L19: B2: Jun 16, 2025 B3: Mar 25, 2025 | M19: NV B2 Embargo | N19: EMEA
C20: B3 (AMD) | D20: RTX 4050/140W/6GB/GDDR6 ; RTX 3050/95W/6GB/GDDR6 ; RTX 2050/70W/4GB/GDDR6
B21: 16 | C21: B2 (Intel) | D21: RTX 5070, 5060, 5050/140W/8GB/GDDR7/Feb | E21: RX_RTH | F21: Phoebe | G21: Andy | H21: Quanta | I21: Raptor Lake-H-R | J21: ANV16-72 | K21: Acer Nitro V 16 | L21: B2: May 30, 2025 | M21: IFA | N21: TBD
C22: B3 (Intel) [TBD] | D22: RTX 4050/140W/6GB/GDDR6 ; RTX 3050/95W/6GB/GDDR6 | N22: B3 Drop
C23: B2 (AMD) | D23: RTX 5070, 5060, 5050/140W/8GB/GDDR7/Feb | E23: RX_SKF | F23: Wade | G23: Andy | H23: Compal | I23: Strix Point-HS Krackan Point-HS Hawk Point | J23: ANV16-42 [Hawk Point] ANV16-61 [Krackan Point] | K23: Acer Nitro V 16 AI | L23: B2: Jun 12, 2025 B3: Feb 27, 2025 | M23: NV B2 Embargo | N23: EMEA, PA, PAP
C24: B3 (AMD) | D24: RTX 4050/140W/6GB/GDDR6 ; RTX 3050/95W/6GB/GDDR6 ; RTX 2050/70W/4GB/GDDR6 | M24: CES
B25: 16 Slim | C25: B2 | D25: RTX 5060, 5050/140W/8GB/GDDR7/Feb | E25: BRZ_RTH | F25: Julia | I25: Raptor Lake-H-R | J25: ANV16S-71 | K25: Acer Nitro V 16S | L25: 45817 | M25: IFA | N25: PAP, PA, EMEA
C26: B2 | D26: RTX 5060, 5050/140W/8GB/GDDR7/Feb | E26: BRZ_SKF | F26: Wade | I26: Krackan Point-HS | J26: ANV16S-41 [Hawk Point] ANV16S-61 [Krackan Point] | K26: Acer Nitro V 16S AI | L26: 45835 | M26: NV B2 Embargo | N26: PAP, PA, EMEA
B27: 15 | C27: B3 (Intel) | D27: RTX 4050/140W/6GB/GDDR6 ; RTX 3050/95W/6GB/GDDR6 ; RTX 2050/70W/4GB/GDDR6 | E27: Sportage_RTH | F27: Wade | G27: Jackson | H27: Quanta | I27: Raptor Lake-H-R | J27: ANV15-52 | K27: Acer Nitro V 15 | L27: 45632 | M27: CES | N27: PAP, PA, EMEA
C28: B2 (AMD) | D28: RTX 5070, 5060, 5050/140W/8GB/GDDR7/Feb | E28: Sportage_HKH | I28: Hawk point H | J28: ANV15-42 | K28: Acer Nitro V 15 AI | L28: 45834 | M28: NV B2 Embargo | N28: PAP, PA, EMEA
C29: B3 (AMD) | D29: RTX 4050/140W/6GB/GDDR6 ; RTX 3050/95W/6GB/GDDR6 | L29: 45635 | M29: CES
B30: 14.5 | C30: B2 (Intel) | D30: RTX 5070, 5060, 5050/140W/8GB/GDDR7/Feb | E30: Enyaq_RTH | F30: Jessie | G30: Andy | H30: Huaqin | I30: Raptor Lake-H-R | J30: ANV14-71 | K30: Acer Nitro V 14
C31: B3 (Intel) | D31: RTX 4050/140W/6GB/GDDR6 ; RTX 3050/95W/6GB/GDDR6 ; RTX 2050/70W/4GB/GDDR6
C32: B2 (AMD) | D32: RTX 5070, 5060, 5050/140W/8GB/GDDR7/Feb | E32: Enyaq_SKF | F32: Scott | G32: Sherry | H32: Huaqin | I32: Strix Point-HS Krackan Point-HS | J32: ANV14-41 [Hawk Point] ANV14-62 [Krackan Point] | K32: Acer Nitro V 14 AI | L32: Krackan Point B2: Jun 3, 2025 Hawk Point B2: Jun 20, 2025 B3: Feb 24, 2025 | M32: NV B2 Embargo | N32: EMEA
C33: B3 (AMD) | D33: RTX 4050/140W/6GB/GDDR6 ; RTX 3050/95W/6GB/GDDR6 ; RTX 2050/70W/4GB/GDDR6 | M33: CES
B34: 14.5 Slim | C34: B2 (AMD) | D34: RTX 5070, 5060, 5050/140W/8GB/GDDR7/Feb | E34: Kodiaq_RTH | F34: Scott | G34: Sherry | H34: Huaqin | I34: Raptor Lake-H-R | J34: ANV14S-71 | K34: Acer Nitro V 14S
C35: B3 (AMD) | D35: RTX 4050/140W/6GB/GDDR6 ; RTX 3050/95W/6GB/GDDR6 ; RTX 2050/70W/4GB/GDDR6 | E35: Kodiaq_SKF | I35: Krackan Point-HS | J35: ANV14S-61 | K35: Acer Nitro V 14S AI

Sheet LAPTOP 2024
B2: MASTER SPEC SHEET - 2024 GAMING LAPTOP PROJECTS
C5: HELIOS 16 | D5: HELIOS 18 | E5: HELIOS NEO 16 | F5: HELIOS NEO 18 | G5: HELIOS NEO 14 | H5: TRITON NEO 16 | I5: NITRO 14 | J5: NITRO 16 | K5: NITRO 16 | L5: NITRO 16 | M5: NITRO 17 | N5: NITRO 17 | O5: NITRO V 15 | P5: NITRO V 16 [AI] | Q5: NITRO V 16 | R5: NITRO V 14 | S5: NITRO V 15 | T5: NITRO V 15
C6: PH16-72 | D6: PH18-72 | E6: PHN16-72 | F6: PHN18-71 | G6: PHN14-51 | H6: PTN16-51 | I6: AN14-41 | J6: AN16-73 | K6: AN16-42 | L6: AN16-43 | M6: AN17-72 | N6: AN17-42 | O6: ANV15-41 | P6: ANV16-41 | Q6: ANV16-71 | R6: ANV14-61 | S6: ANV15-52 | T6: ANV15-42
B7: SPEC | C7: eTron_RTX | D7: IONIQ_RTX | E7: EQE_RTX | F7: IPACE_RTX | G7: Taycan_MTH | H7: Leaf_MTH | I7: ID5_HKH | J7: LBX_RTX | K7: C40_HKH | L7: LBX_HKH | M7: EX90_RTX | N7: EX90_HKH | O7: Sportage_RBH | P7: RZ_HKH | Q7: RZ_RTX | R7: GR86_HKH | S7: Sportage_RTH | T7: Sportage_HKH
B9: Unique Feature | C9: MegKey 3.0 infinity mirror lighting bar | D9: MegKey 3.0 infinity mirror lighting bar | E9: Number-splattered abyssal-black anodized cover | F9: Number-splattered abyssal-black anodized cover | G9: N/A | H9: Studio driver Calman | I9: N/A | J9: N/A | K9: N/A | L9: N/A | M9: N/A | N9: N/A | O9: N/A | P9: N/A | Q9: N/A | R9: N/A | S9: N/A | T9: N/A
B11: AI Feature | C11: Predator Sense QuickPanel ProClip LiveArt Purified View 1.0 Purified Voice 2.0 Killer (WiFi/LAN) Windows Copilot Paint Bing Chat | D11: Predator Sense QuickPanel ProClip Purified View 1.0 Purified Voice 2.0 Killer (WiFi/LAN) Windows Copilot Paint Bing Chat | E11: Predator Sense QuickPanel ProClip Purified View 1.0 Purified Voice 2.0 Killer (WiFi/LAN) Windows Copilot Paint Bing Chat | F11: Predator Sense QuickPanel ProClip Purified View 1.0 Purified Voice 2.0 Killer (WiFi/LAN) Windows Copilot Paint Bing Chat | G11: Predator Sense QuickPanel ProClip Acer AlterView LiveArt Purified View 1.0 Purified Voice 2.0 Killer (WiFi) Windows Copilot Paint Bing Chat | H11: Predator Sense QuickPanel ProClip Acer AlterView LiveArt Purified View 1.0 Purified Voice 2.0 Killer (WiFi) Windows Copilot Paint Bing Chat | I11: Nitro Sense QuickPanel ProClip LiveArt Purified View 1.0 Purified Voice 2.0 Killer (WiFi) Windows Copilot Paint Bing Chat | J11: Nitro Sense QuickPanel ProClip Purified View 1.0 Purified Voice 2.0 Killer (WiFi/LAN) Windows Copilot Paint Bing Chat | K11: Nitro Sense QuickPanel ProClip LiveArt Purified View 1.0 Purified Voice 2.0 Killer (WiFi/LAN) Windows Copilot Paint Bing Chat | L11: Nitro Sense QuickPanel ProClip LiveArt Purified View 1.0 Purified Voice 2.0 Killer (WiFi/LAN) Windows Copilot Paint Bing Chat | M11: Nitro Sense QuickPanel ProClip Purified View 1.0 Purified Voice 2.0 Killer (WiFi/LAN) Windows Copilot Paint Bing Chat | N11: Nitro Sense QuickPanel ProClip LiveArt Purified View 1.0 Purified Voice 2.0 Killer (WiFi/LAN) Windows Copilot Paint Bing Chat | O11: Nitro Sense QuickPanel ProClip Purified View 1.0 Purified Voice 1.0 Killer (WiFi/LAN) Windows Copilot Paint Bing Chat | P11: Nitro Sense QuickPanel ProClip LiveArt Purified View 1.0 Purified Voice 2.0 Killer (WiFi/LAN) Windows Copilot Paint Bing Chat | Q11: Nitro Sense QuickPanel ProClip Purified View 1.0 Purified Voice 2.0 Killer (WiFi/LAN) Windows Copilot Paint Bing Chat | R11: Nitro Sense QuickPanel ProClip LiveArt Purified View 1.0 Purified Voice 2.0 Killer (WiFi) Windows Copilot Paint Bing Chat | S11: NitroSense/Experience Zone QuickPanel ProClip Purified View 1.0 Purified Voice 1.0 Copilot Paint Bing Chat | T11: NitroSense/Experience Zone QuickPanel ProClip Purified View 1.0 Purified Voice 1.0 Copilot Paint Bing Chat
B13: Processor | C13: Intel® Core™ i9-14900HX processor (36 MB Smart Cache, 2.2 GHz, Performance-core with Intel® Thermal Velocity Boost up to 5.8 GHz, overclock capable) Intel® Core™ i7-14700HX processor (33 MB Smart Cache, 2.1 GHz Performance-core with Intel® Thermal Velocity Boost up to 5.5 GHz, overclock capable) | D13: Intel® Core™ i9-14900HX processor (36 MB Smart Cache, 2.2 GHz Performance-core with Intel® Thermal Velocity Boost up to 5.8 GHz, overclock capable) | E13: Intel® Core™ i9-14900HX processor (36 MB Smart Cache, 2.2 GHz, Performance-core with Intel® Thermal Velocity Boost up to 5.8 GHz, overclock capable) Intel® Core™ i7-14700HX processor (33 MB Smart Cache, 2.1 GHz Performance-core with Intel® Thermal Velocity Boost up to 5.5 GHz, overclock capable) Intel® Core™ i7-14650HX processor (30 MB Smart Cache, 2.2 GHz Performance-core with Intel® Thermal Velocity Boost up to 5.2 GHz, overclock capable) Intel® Core™ i5-14500HX processor (24 MB Smart Cache, 2.6 GHz Performance-core with Intel® Turbo Boost Technology 2.0 up to 4.9 GHz, overclock capable) Intel® Core™ i5-14450HX processor (20 MB Smart Cache, 2.4 GHz Performance-core with Intel® Turbo Boost Technology 2.0 up to 4.8 GHz, overclock capable) | F13: Intel® Core™ i9-14900HX processor (36 MB Smart Cache, 2.2 GHz, Performance-core with Intel® Thermal Velocity Boost up to 5.8 GHz, overclock capable) Intel® Core™ i7-14700HX processor (33 MB Smart Cache, 2.1 GHz Performance-core with Intel® Thermal Velocity Boost up to 5.5 GHz, overclock capable) Intel® Core™ i7-14650HX processor (30 MB Smart Cache, 2.2 GHz Performance-core with Intel® Thermal Velocity Boost up to 5.2 GHz, overclock capable) Intel® Core™ i5-14500HX processor (24 MB Smart Cache, 2.6 GHz Performance-core with Intel® Turbo Boost Technology 2.0 up to 4.9 GHz, overclock capable) Intel® Core™ i5-14450HX processor (20 MB Smart Cache, 2.4 GHz Performance-core with Intel® Turbo Boost Technology 2.0 up to 4.8 GHz, overclock capable) | G13: Intel® Core™ Ultra 9 processor 185H (24 MB Smart Cache, 2.3 GHz P-core base core frequency with Intel® Turbo Boost Max Technology 3.0 up to 5.1 GHz, Intel® AI Boost capable, and Intel® vPro™ Enterprise eligibility), supporting hybrid core architecture with Performance-core, Efficient-core, and Low-Power Efficient-core Intel® Core™ Ultra 7 processor 155H (24 MB Smart Cache, 1.4 GHz P-core base core frequency with Intel® Turbo Boost Max Technology 3.0 up to 4.8 GHz, Intel® AI Boost capable), supporting hybrid core architecture with Performance-core, Efficient-core and Low-Power Efficient-core Intel® Core™ Ultra 5 processor 125H (18 MB Smart Cache, 1.2 GHz P-core base core frequency with Intel® Turbo Boost Technology 2.0 up to 4.5 GHz, Intel® AI Boost capable), supporting hybrid core architecture with Performance-core, Efficient-core and Low-Power Efficient-core | H13: Intel® Core™ Ultra 9 processor 185H (24 MB Smart Cache, 2.3 GHz P-core base core frequency with Intel® Turbo Boost Max Technology 3.0 up to 5.1 GHz, Intel® AI Boost capable, and Intel® vPro™ Enterprise eligibility), supporting hybrid core architecture with Performance-core, Efficient-core, and Low-Power Efficient-core Intel® Core™ Ultra 7 processor 155H (24 MB Smart Cache, 1.4 GHz P-core base core frequency with Intel® Turbo Boost Max Technology 3.0 up to 4.8 GHz, Intel® AI Boost capable), supporting hybrid core architecture with Performance-core, Efficient-core and Low-Power Efficient-core Intel® Core™ Ultra 5 processor 125H (18 MB Smart Cache, 1.2 GHz P-core base core frequency with Intel® Turbo Boost Technology 2.0 up to 4.5 GHz, Intel® AI Boost capable), supporting hybrid core architecture with Performance-core, Efficient-core and Low-Power Efficient-core | I13: AMD Ryzen™ 7 8845HS octa-core processor (up to 8 MB L2 cache, up to 16 MB L3 cache, 3.8 GHz with boost up to 5.1 GHz, AMD Ryzen™ AI capable) AMD Ryzen™ 5 8645HS hexa-core processor (up to 6 MB L2 cache, up to 16 MB L3 cache, 4.3 GHz with boost up to 5.0 GHz, AMD Ryzen™ AI capable) | J13: Intel® Core™ i7-14700HX processor (33 MB Smart Cache, 2.1 GHz Performance-core with Intel® Thermal Velocity Boost up to 5.5 GHz, overclock capable) Intel® Core™ i7-14650HX processor (30 MB Smart Cache, 2.2 GHz Performance-core with Intel® Thermal Velocity Boost up to 5.2 GHz, overclock capable) Intel® Core™ i5-14450HX processor (20 MB Smart Cache, 2.4 GHz Performance-core with Intel® Turbo Boost Technology 2.0 up to 4.8 GHz, overclock capable) | K13: AMD Ryzen™ 9 8945HS octa-core processor (up to 8 MB L2 cache, up to 16 MB L3 cache, 4.0 GHz with boost up to 5.2 GHz, AMD Ryzen™ AI capable) AMD Ryzen™ 7 8845HS octa-core processor (up to 8 MB L2 cache, up to 16 MB L3 cache, 3.8 GHz with boost up to 5.1 GHz, AMD Ryzen™ AI capable) AMD Ryzen™ 5 8645HS hexa-core processor (up to 6 MB L2 cache, up to 16 MB L3 cache, 4.3 GHz with boost up to 5.0 GHz, AMD Ryzen™ AI capable) | L13: AMD Ryzen™ 9 8945HS octa-core processor (up to 8 MB L2 cache, up to 16 MB L3 cache, 4.0 GHz with boost up to 5.2 GHz, AMD Ryzen™ AI capable) AMD Ryzen™ 7 8845HS octa-core processor (up to 8 MB L2 cache, up to 16 MB L3 cache, 3.8 GHz with boost up to 5.1 GHz, AMD Ryzen™ AI capable) AMD Ryzen™ 5 8645HS hexa-core processor (up to 6 MB L2 cache, up to 16 MB L3 cache, 4.3 GHz with boost up to 5.0 GHz, AMD Ryzen™ AI capable) | M13: Intel® Core™ i7-14700HX processor (33 MB Smart Cache, 2.1 GHz Performance-core with Intel® Thermal Velocity Boost up to 5.5 GHz, overclock capable) Intel® Core™ i7-14650HX processor (30 MB Smart Cache, 2.2 GHz Performance-core with Intel® Thermal Velocity Boost up to 5.2 GHz, overclock capable) Intel® Core™ i5-14450HX processor (20 MB Smart Cache, 2.4 GHz Performance-core with Intel® Turbo Boost Technology 2.0 up to 4.8 GHz, overclock capable) | N13: AMD Ryzen™ 9 8945HS octa-core processor (up to 8 MB L2 cache, up to 16 MB L3 cache, 4.0 GHz with boost up to 5.2 GHz, AMD Ryzen™ AI capable) AMD Ryzen™ 7 8845HS octa-core processor (up to 8 MB L2 cache, up to 16 MB L3 cache, 3.8 GHz with boost up to 5.1 GHz, AMD Ryzen™ AI capable) AMD Ryzen™ 5 8645HS hexa-core processor (up to 6 MB L2 cache, up to 16 MB L3 cache, 4.3 GHz with boost up to 5.0 GHz, AMD Ryzen™ AI capable) | O13: AMD Ryzen™ 7 7735HS octa-core processor (up to 4 MB L2 cache, up to 16 MB L3 cache, 3.2 GHz with boost up to 4.75 GHz) AMD Ryzen™ 5 7535HS hexa-core processor (up to 3 MB L2 cache, up to 16 MB L3 cache, 3.3 GHz with boost up to 4.55 GHz) | P13: AMD Ryzen™ 7 8845HS octa-core processor (up to 8 MB L2 cache, up to 16 MB L3 cache, 3.8 GHz with boost up to 5.1 GHz,) AMD Ryzen™ 5 8645HS hexa-core processor (up to 6 MB L2 cache, up to 16 MB L3 cache, 4.3 GHz with boost up to 5.0 GHz) | Q13: Intel® Core™ i7-14650HX processor (30 MB Smart Cache, 2.2 GHz Performance-core with Intel® Thermal Velocity Boost up to 5.2 GHz, overclock capable) Intel® Core™ i5-14450HX processor (20 MB Smart Cache, 2.4 GHz Performance-core with Intel® Turbo Boost Technology 2.0 up to 4.8 GHz, overclock capable) | R13: AMD Ryzen™ 7 8845HS octa-core processor (up to 8 MB L2 cache, up to 16 MB L3 cache, 3.8 GHz with boost up to 5.1 GHz,) AMD Ryzen™ 5 8645HS hexa-core processor (up to 6 MB L2 cache, up to 16 MB L3 cache, 4.3 GHz with boost up to 5.0 GHz) | S13: Intel Raptor lake refresh I5/I7 | T13: AMD Hawk point R5/R7
B14: Processor AI TOPS [up to] | C14: N/A | D14: N/A | E14: N/A | F14: N/A | G14: Meteor Lake: 11 TOPS | H14: Meteor Lake: 11 TOPS | I14: Hawk Point: 16 TOPS | J14: N/A | K14: Hawk Point: 16 TOPS | L14: Hawk Point: 16 TOPS | M14: N/A | N14: Hawk Point: 16 TOPS | O14: N/A | P14: Hawk Point: 16 TOPS | Q14: N/A | R14: Hawk Point: 16 TOPS
B15: Processor Power | C15: i9: 115W i7: 115W | D15: i9: 115W | E15: i9: 115W i7: 115W i5: 115W | F15: i9: 115W i7: 115W i5: 115W | G15: Ultra 9: 95W Ultra 7: 95W Ultra 5: 90W | H15: Ultra 9: 70W Ultra 7: 70W Ultra 5: 70W | I15: R7: 45 W R5: 45 W | J15: i7: 85W i5: 85W | K15: R9: 45W R7: 45W | L15: R9: 80W R7: 80W R5: 80W | M15: i7: 100W i5: 100W | N15: R9: 45W R7: 45W R5: 45W | O15: R7: 54W R5: 54W | P15: R7: 54W R5: 54W | Q15: i7: 80W i5: 80W | R15: R7: 30W R5: 30W | S15: I7: 55W I5: 55W | T15: R7: 54W R5: 54W
B16: Intel Application Optimization [APO] | C16: Yes | D16: Yes | E16: Yes | F16: Yes | G16: No | H16: No | I16: No | J16: i7-14700: Yes i7-14650: No i5-14450: No | K16: No | L16: No | M16: Yes | N16: No | O16: No | P16: No | Q16: No | R16: No | S16: No | T16: No
B18: Graphic Card | C18: NVIDIA® GeForce RTX™ 4080 12GB NVIDIA® GeForce RTX™ 4070 8G | D18: NVIDIA® GeForce RTX™ 4090 16GB NVIDIA® GeForce RTX™ 4080 12GB | E18: NVIDIA® GeForce RTX™ 4070 8G NVIDIA® GeForce RTX™ 4060 8G NVIDIA® GeForce RTX™ 4050 6G | F18: NVIDIA® GeForce RTX™ 4070 8G NVIDIA® GeForce RTX™ 4060 8G NVIDIA® GeForce RTX™ 4050 6G | G18: NVIDIA® GeForce RTX™ 4070 8G NVIDIA® GeForce RTX™ 4060 8G NVIDIA® GeForce RTX™ 4050 6G | H18: NVIDIA® GeForce RTX™ 4070 8G NVIDIA® GeForce RTX™ 4060 8G NVIDIA® GeForce RTX™ 4050 6G | I18: NVIDIA® GeForce RTX™ 4060 8G NVIDIA® GeForce RTX™ 4050 6G NVIDIA® GeForce RTX™ 3050 6G | J18: NVIDIA® GeForce RTX™ 4060 8G NVIDIA® GeForce RTX™ 4050 6G NVIDIA® GeForce RTX™ 3050 6G | K18: NVIDIA® GeForce RTX™ 4070 8G NVIDIA® GeForce RTX™ 4060 8G NVIDIA® GeForce RTX™ 4050 6G (EMEA only) | L18: NVIDIA® GeForce RTX™ 4060 8G NVIDIA® GeForce RTX™ 4050 6G NVIDIA® GeForce RTX™ 3050 6G | M18: NVIDIA® GeForce RTX™ 4060 8G NVIDIA® GeForce RTX™ 4050 6G | N18: NVIDIA® GeForce RTX™ 4070 8G NVIDIA® GeForce RTX™ 4060 8G NVIDIA® GeForce RTX™ 4050 6G | O18: NVIDIA® GeForce RTX™ 4060 8G NVIDIA® GeForce RTX™ 4050 6G NVIDIA® GeForce RTX™ 3050 6G NVIDIA® GeForce RTX™ 2050 4G | P18: NVIDIA® GeForce RTX™ 4060 8G NVIDIA® GeForce RTX™ 4050 6G NVIDIA® GeForce RTX™ 3050 6G NVIDIA® GeForce RTX™ 2050 4G | Q18: NVIDIA® GeForce RTX™ 4060 8G NVIDIA® GeForce RTX™ 4050 6G NVIDIA® GeForce RTX™ 3050 6G | R18: NVIDIA® GeForce RTX™ 4050 6G NVIDIA® GeForce RTX™ 3050 6G NVIDIA® GeForce RTX™ 2050 4G | S18: NVIDIA® GeForce RTX™ 4050 6G NVIDIA® GeForce RTX™ 3050 6G | T18: NVIDIA® GeForce RTX™ 4050 6G NVIDIA® GeForce RTX™ 3050 6G
B19: Graphic Card Power Total Graphic Power [TGP] | C19: RTX 4080: 150W RTX 4070: 115W | D19: RTX 4090: 150W RTX 4080: 150W | E19: RTX 4070: 115W RTX 4060: 115W RTX 4050: 115W | F19: RTX 4070: 115W RTX 4060: 115W RTX 4050: 115W | G19: RTX 4070: 100W RTX 4060: 95W RTX 4050: 95W | H19: RTX 4070: 85W RTX 4060: 85W RTX 4050: 85W | I19: RTX 4060: 85W RTX 4050: 85W RTX 3050: 80W | J19: RTX 4060: 90W RTX 4050: 90W RTX 3050: 80W | K19: RTX 4070: 115W RTX 4060: 115W RTX 4050: 115W(EMEA only) | L19: RTX 4060: 90W RTX 4050: 90W RTX 3050: 80W | M19: RTX 4060: 115W RTX 4050: 115W | N19: RTX 4070: 115W RTX 4060: 115W RTX 4050: 115W | O19: RTX 4060: 60W RTX 4050: 60W RTX 3050: 50W RTX 2050: 50W | P19: RTX 4060: 60W RTX 4050: 60W RTX 3050: 60W RTX 2050: 55W | Q19: RTX 4060: 60W RTX 4050: 60W RTX 3050: 60W | R19: RTX 4050: 50W RTX 3050: 50W RTX 2050: 50W | S19: RTX 4050: 60W RTX 3050: 50W | T19: RTX 4050: 60W RTX 3050: 50W
B20: Dynamic Boost | C20: RTX 4080: 25W RTX 4070: 25W | D20: RTX 4090: 25W RTX 4080: 25W | E20: RTX 4070: 25W RTX 4060: 25W RTX 4050: 25W | F20: RTX 4070: 25W RTX 4060: 25W RTX 4050: 25W | G20: RTX 4070: 25W RTX 4060: 25W RTX 4050: 25W | H20: RTX 4070: 25W RTX 4060: 25W RTX 4050: 25W | I20: RTX 4060: 25W RTX 4050: 25W RTX 3050: 15W | J20: RTX 4060: 25W RTX 4050: 25W RTX 3050: 15W | K20: RTX 4070: 25W RTX 4060: 25W RTX 4050: 25W | L20: RTX 4060: 25W RTX 4050: 25W RTX 3050: 15W | M20: RTX 4060: 25W RTX 4050: 25W | N20: RTX 4070: 25W RTX 4060: 25W RTX 4050: 25W | O20: RTX 4060: 15W RTX 4050: 15W RTX 3050: 15W RTX 2050: 15W | P20: RTX 4060: 25W RTX 4050: 25W RTX 3050: 10W RTX 2050: 10W | Q20: RTX 4060: 25W RTX 4050: 25W RTX 3050: 10W | R20: RTX 4050: 10W RTX 3050: 10W RTX 2050: 10W | S20: RTX 4050: 15W RTX 3050: 15W | T20: RTX 4050: 15W RTX 3050: 15W
B21: Graphic Card Power Max Graphic Power [MGP] | C21: RTX 4080: 175W RTX 4070: 140W | D21: RTX 4090: 175W RTX 4080: 175W | E21: RTX 4070: 140W RTX 4060: 140W RTX 4050: 140W | F21: RTX 4070: 140W RTX 4060: 140W RTX 4050: 140W | G21: RTX 4070: 125W RTX 4060: 120W RTX 4050: 120W | H21: RTX 4070: 110W RTX 4060: 110W RTX 4050: 110W | I21: RTX 4060: 110W RTX 4050: 110W RTX 3050: 95W | J21: RTX 4060: 115W RTX 4050: 115W RTX 3050: 95W | K21: RTX 4070: 140W RTX 4060: 140W RTX 4050: 140W | L21: RTX 4060: 115W RTX 4050: 115W RTX 3050: 95W | M21: RTX 4060: 140W RTX 4050: 140W | N21: RTX 4070: 140W RTX 4060: 140W RTX 4050: 140W | O21: RTX 4060: 75W RTX 4050: 75W RTX 3050: 65W RTX 2050: 65W | P21: RTX 4060: 85W RTX 4050: 85W RTX 3050: 70W RTX 2050: 65W | Q21: RTX 4060: 85W RTX 4050: 85W RTX 3050: 70W | R21: RTX 4050: 60W RTX 3050: 60W RTX 2050: 60W | S21: RTX 4050: 75W RTX 3050: 65W | T21: RTX 4050: 75W RTX 3050: 65W
B22: CPU + GPU Total Design Power [TDP] | C22: RTX 4080: 65W+175W=240W RTX 4070: 65W+140W=205W | D22: RTX 4090: 65W+175W=240W RTX 4080: 65W+175W=240W | E22: RTX 4070: 60W+115W=175W RTX 4060: 60W+115W=175W RTX 4050: 55W+115W=170W | F22: RTX 4070: 60W+115W=175W RTX 4060: 60W+115W=175W RTX 4050: 55W+115W=170W | G22: RTX 4070: 45W+100W=145W RTX 4060: 45W+95W=140W RTX 4050: 45W+95W=140W | H22: RTX 4070: 35W+95W=130W RTX 4060: 35W+95W=130W RTX 4050: 35W+95W=130W | I22: RTX 4060: 40W+75W=115W RTX 4050: 40W+75W=115W RTX 3050: 35W+80W=115W | J22: RTX 4060: 45W+90W=135W RTX 4050: 45W+90W=135W RTX 3050: 45W+80W=125W | K22: RTX 4070: 60W+115W=175W RTX 4060: 60W+115W=175W RTX 4050: 45W+115W=160W | L22: RTX 4060: 45W+90W=135W RTX 4050: 45W+90W=135W RTX 3050: 45W+80W=125W | M22: RTX 4060: 60W+115W=175W RTX 4050: 50W+115W=165W | N22: RTX 4070: 60W+115W=175W RTX 4060: 60W+115W=175W RTX 4050: 45W+115W=160W | O22: RTX 4060: 30W+60W=100W RTX 4050: 30W+60W=100W RTX 3050: 35W+50W=85W RTX 2050: 35W+50W=85W | P22: RTX 4060: 45W+60W=105W RTX 4050: 45W+60W=105W RTX 3050: 45W+60W=105W RTX 2050: 45W+55W=100W | Q22: RTX 4060: 45W+60W=105W RTX 4050: 45W+60W=105W RTX 3050: 45W+60W=105W | R22: RTX 4050: 30W+ 50W= 80W RTX 3050: 30W+ 50W= 80W RTX 2050: 30W+ 50W= 80W | S22: RTX 4050: 30W+60W=90W RTX 3050: 35W+50W=85W | T22: RTX 4050: 30W+60W=90W RTX 3050: 35W+50W=85W
B23: GPU AI TOPS [up to] | C23: RTX 4080: 542 TOPS RTX 4070: 321 TOPS | D23: RTX 4090: 686 TOPS RTX 4080: 542 TOPS | E23: RTX 4070: 321 RTX 4060: 233 RTX 4050: 194 | F23: RTX 4070: 321 TOPS RTX 4060: 233 TOPS RTX 4050: 194 TOPS | G23: RTX 4070: 321 TOPS RTX 4060: 233 TOPS RTX 4050: 194 TOPS | H23: RTX 4070: 321 TOPS RTX 4060: 233 TOPS RTX 4050: 194 TOPS | I23: RTX 4060: 233 TOPS RTX 4050: 194 TOPS | J23: RTX 4060: 233 TOPS RTX 4050: 194 TOPS | K23: RTX 4070: 321 TOPS RTX 4060: 233 TOPS RTX 4050: 194 TOPS | L23: RTX 4060: 233 TOPS RTX 4050: 194 TOPS | M23: RTX 4060: 233 TOPS RTX 4050: 194 TOPS | N23: RTX 4070: 321 TOPS RTX 4060: 233 TOPS RTX 4050: 194 TOPS | O23: RTX 4060: 233 TOPS RTX 4050: 194 TOPS | P23: RTX 4060: 233 TOPS RTX 4050: 194 TOPS | Q23: RTX 4060: 233 TOPS RTX 4050: 194 TOPS | R23: RTX 4050: 194 TOPS | S23: RTX 4050: 194 TOPS | T23: RTX 4050: 194 TOPS
B24: NVIDIA Advanced Optimus [AO] | C24: Yes | D24: Yes | E24: Yes | F24: Yes | G24: Yes | H24: Yes | I24: RTX 4060: Yes RTX 4050: Yes RTX 3050: No | J24: RTX 4060: Yes RTX 4050: Yes RTX 3050: No | K24: Yes | L24: RTX 4060: Yes RTX 4050: Yes RTX 3050: No | M24: Yes | N24: Yes | O24: No | P24: No | Q24: No | R24: No | S24: No | T24: No
B25: MUX Switch | C25: Yes | D25: Yes | E25: Yes | F25: Yes | G25: No | H25: No | I25: Yes | J25: Yes | K25: Yes | L25: Yes | M25: Yes | N25: No | O25: No | P25: Yes | Q25: Yes | R25: Yes | S25: No | T25: No
B27: Display [Panel, Resolution, Refresh Rate, 亮度, 色域, Response time] | C27: Size: 16.0" Ratio: 16:10 Resolution: Mini LED, WQXGA 2560 x 1600, 250Hz, SDR mode 600 nits / HDR mode 1000 nits, DCI-P3 100%, 3ms (only bundle i9 + RTX4080 ) LED, WQXGA 2560 x 1600, 240Hz, 500 nits, DCI-P3 100%, 3ms | D27: Size: 18.0" Ratio: 16:10 Resolution: Mini LED, WQXGA 2560 x 1600, 250Hz, SDR mode 600 nits / HDR mode 1000 nits, DCI-P3 100%, 3ms LED, WQXGA 2560 x 1600, 240Hz, 500 nits, DCI-P3 100%, 3ms (only bundle i9 + RTX4080 ) | E27: Size: 16.0" Ratio: 16:10 Resolution: LED, WQXGA 2560 x 1600, 240Hz, 500 nits, DCI-P3 100%, 3ms LED, WQXGA 2560 x 1600, 165Hz, 500 nits, sRGB 100%, 3ms LED, WUXGA 1920 x 1200, 180Hz, 400 nits, sRGB 100%, 3ms LED, WUXGA 1920 x 1200, 165Hz, 400 nits, sRGB 100%, 3ms | F27: Size: 18.0" Ratio: 16:10 Resolution: LED, WQXGA 2560 x 1600, 240Hz, 500 nits, DCI-P3 100%, 3ms LED, WQXGA 2560 x 1600, 165Hz, 300 nits, DCI-P3 100%, 3ms LED, WUXGA 1920 x 1200, 165Hz, 300 nits, sRGB 100%, 3ms | G27: Size: 14.5" Ratio: 16:10 Resolution: LED, WQXGA+ 3072 x 1920, 165Hz, 400 nits, sRGB 100% LED, WQXGA 2560 x 1600, 120Hz, 350 nits, sRGB 100% LED, WUXGA 1920 x 1200, 120Hz, 300 nits, sRGB 100% | H27: Size: 16" Ratio: 16:10 Resolution: LED, WQXGA+ 3200 x 2000, 165Hz, 430 nits, DCI-P3 100%, 3ms LED, WQXGA 2560 x 1600, 240Hz, 500 nits, DCI-P3 100%, 3ms LED, WUXGA 1920 x 1200, 165Hz, 400 nits, sRGB 100%, 3ms | I27: Size: 14.5" Ratio: 16:10 Resolution: LED, WQXGA 2560 x 1600, 120Hz, 350 nits, sRGB 100%, LED, WUXGA 1920 x 1200, 120Hz, 300 nits, sRGB 100% | J27: m | K27: Size: 16.0" Ratio: 16:10 Resolution: LED, WQXGA 2560 x 1600, 165Hz, 500 nits, sRGB 100%, 3ms LED, WUXGA 1920 x 1200, 180Hz, 400 nits, sRGB 100%, 3ms LED, WUXGA 1920 x 1200, 165Hz, 400 nits, sRGB 100%, 3ms | L27: Size: 16.0" Ratio: 16:10 Resolution: LED, WQXGA 2560 x 1600, 165Hz, 500 nits, sRGB 100%, 3ms LED, WUXGA 1920 x 1200, 165Hz, 400 nits, sRGB 100%, 3ms LED, WUXGA 1920 x 1200, 165Hz, 300 nits, sRGB 100%, | M27: Size: 17.3" Ratio: 16:9 Resolution: LED, QHD 2560 x 1440, 165Hz, 300 nits, DCI-P3 100%, 3ms (RTX 4050) LED, Full HD 1920 x 1080, 165Hz, 300 nits, sRGB 100%, 3ms (RTX 4050/RTX 4060) | N27: Size: 17.3" Ratio: 16:9 Resolution: LED, QHD 2560 x 1440, 165Hz, 300 nits, DCI-P3 100%, 3ms LED, Full HD 1920 x 1080, 165Hz, 300 nits, sRGB 100%, 3ms | O27: Size: 15.6" Ratio: 16:9 Resolution: LED, Full HD 1920 x 1080, 165Hz, 300 nits, sRGB 100%, 3ms LED, Full HD 1920 x 1080, 144Hz | P27: Size: 16.0" Ratio: 16:10 Resolution: LED, WQXGA 2560 x 1600, 165Hz ,500 nits, sRGB 100%, 3ms LED, WUXGA 1920 x 1200, 165Hz, 300 nits, sRGB 100% LED, WUXGA 1920 x 1200, 165Hz, color gamut NTSC 45% | Q27: Size: 16.0" Ratio: 16:10 Resolution: LED, WQXGA 2560 x 1600, 180Hz ,400 nits, sRGB 100%, 3ms LED, WUXGA 1920 x 1200, 165Hz, 300 nits, sRGB 100% LED, WUXGA 1920 x 1200, 165Hz, color gamut NTSC 45% | R27: Size: 14.5" Ratio: 16:10 Resolution: LED, WQXGA 2560 x 1600, 120Hz, 350 nits, sRGB 100% LED, WUXGA 1920 x 1200, 120Hz, 300 nits, sRGB 100% | S27: Size: 15.6" Ratio: 16:9 3ms for 180Hz Full HD 1920 x 1080, 180Hz, 300 nits, sRGB 100% Full HD 1920 x 1080, 165Hz, 300 nits, NTSC 45% | T27: Size: 15.6" Ratio: 16:9 3ms for 180Hz Full HD 1920 x 1080, 180Hz, 300 nits, sRGB 100% Full HD 1920 x 1080, 165Hz, 300 nits, NTSC 45%
B28: Screen To Body Ratio [STB] | C28: 0.86 | D28: 0.8367 | E28: 0.89 | F28: 0.8372 | G28: 0.874 | H28: 0.875 | I28: 0.874 | J28: 0.884 | K28: 0.84 | L28: 0.884 | M28: 0.813 | N28: 0.842 | O28: 0.8264 | P28: 0.8258 | Q28: 0.8258 | R28: 0.85 | S28: 0.8264 | T28: 0.8264
B29: G-SYNC (Level) | C29: Yes (G-SYNC) | D29: Yes (G-SYNC) | E29: Yes (G-SYNC) | F29: Yes (G-SYNC) | G29: Yes (G-SYNC) | H29: Yes (G-SYNC) | I29: Yes (G-SYNC) | J29: Yes (G-SYNC) | K29: Yes (G-SYNC) | L29: Yes | M29: Yes (G-SYNC) | N29: Yes (G-SYNC) | O29: No | P29: No | Q29: No | R29: No | S29: No | T29: No
B30: FreeSync (Level) | C30: No | D30: No | E30: No | F30: No | G30: No | H30: No | I30: No | J30: No | K30: No | L30: No | M30: No | N30: No | O30: No | P30: No | Q30: No | R30: No | S30: No | T30: No
B31: HDR (High Dynamic Range) | C31: 1000 | D31: 1000 | E31: N/A | F31: N/A | G31: N/A | H31: N/A | I31: N/A | J31: N/A | K31: N/A | L31: N/A | M31: N/A | N31: N/A | O31: N/A | P31: N/A | Q31: N/A | R31: N/A | S31: N/A | T31: N/A
B33: Thermal Solution | C33: Liquid Metal (CPU) Vector Heat Pipes | D33: Liquid Metal (CPU) Vector Heat Pipes | E33: Liquid Metal (CPU) Vector Heat Pipes | F33: Liquid Metal (CPU) Vector Heat Pipes | G33: Vortex Flow Liquid Metal (CPU) Vector Heat Pipes | H33: Vortex Flow Liquid Metal (CPU) Vector Heat Pipes | I33: Vortex Flow Liquid Metal (CPU) | J33: Liquid Metal (CPU) | K33: Liquid Metal (CPU) Vector Heat Pipes | L33: Liquid Metal (CPU) | M33: Liquid Metal (CPU) Vector Heat Pipes | N33: Liquid Metal (CPU) Vector Heat Pipes | O33: N/A | P33: N/A | Q33: N/A | R33: N/A | S33: N/A | T33: N/A
B34: Cooling Fan Material & Qty | C34: 5th AeroBlade Metal Fan*2 | D34: 5th AeroBlade Metal Fan*2 | E34: 5th Gen AeroBlade Metal Fan*1 Plastic Fan*1 | F34: 5th AeroBlade Metal Fan*1 Plastic Fan*1 | G34: 5th AeroBlade Metal Fan*1 Plastic Fan*1 | H34: 5th AeroBlade Metal Fan*1 Plastic Fan*1 | I34: Plastic Fan*2 | J34: Plastic Fan*2 | K34: Plastic Fan*2 | L34: Plastic Fan*2 | M34: Plastic Fan*2 | N34: Plastic Fan*2 | O34: Plastic Fan*2 | P34: Plastic Fan*2 | Q34: Plastic Fan*2 | R34: Plastic Fan*1 | S34: Plastic Fan*2 | T34: Plastic Fan*2
B35: Liquid Metal Thermal Grease | C35: Yes | D35: Yes | E35: Yes | F35: Yes | G35: Yes | H35: Yes | I35: Yes | J35: Yes | K35: Yes | L35: Yes | M35: Yes | N35: Yes | O35: No | P35: No | Q35: No | R35: No | S35: No | T35: No
B36: Vector Heat Pipe | C36: Yes | D36: Yes | E36: Yes | F36: Yes | G36: Yes | H36: Yes | I36: No | J36: No | K36: Yes | L36: No | M36: Yes | N36: Yes | O36: No | P36: No | Q36: No | R36: No | S36: No | T36: No
B37: Vortex Flow | C37: No | D37: No | E37: No | F37: No | G37: Yes | H37: Yes | I37: Yes | J37: No | K37: No | L37: No | M37: No | N37: No | O37: No | P37: No | Q37: No | R37: No | S37: No | T37: No
B39: Memory | C39: DDR5 5600Hz Max Capacity; 32 GB | D39: DDR5 5600Hz Max Capacity; 64GB | E39: DDR5 5600Hz Max Capacity; 64 GB | F39: DDR5 5600Hz Max Capacity; 32 GB | G39: LPDDR5X 6400Hz Max Capacity: 32 GB | H39: LPDDR5x 6400Hz Max Capacity; 32 GB | I39: LPDDR5X 6400Hz Max Capacity: 32 GB | J39: DDR5 5600Hz Max Capacity; 32 GB | K39: DDR5 5600Hz Max Capacity; 32 GB | L39: DDR5 5600Hz Max Capacity; 32 GB | M39: DDR5 5600Hz Max Capacity; 32 GB | N39: DDR5 5600Hz Max Capacity; 32 GB | O39: DDR5 4800Hz Max Capacity; 32 GB | P39: DDR5 5600Hz Max Capacity; 32 GB | Q39: DDR5 5600Hz Max Capacity; 32 GB | R39: DDR5 5600Hz Max Capacity; 32 GB | S39: DDR5 5200Hz(I5), 5600Hz(I7) Max Capacity; 32 GB | T39: DDR5 5600Hz Max Capacity; 32 GB
B40: Storage | C40: PCIe Gen4 x 4 SSD slot: 2 Up to 4 TB | D40: PCIe Gen4 x 4 SSD slot: 2 Up to 4 TB | E40: PCIe Gen4 x 4 SSD slot: 2 Up to 2 TB | F40: PCIe Gen4 x 2 SSD slot: 2 Up to 2 TB | G40: PCIe Gen4 x 4 SSD slot: 1 Up to 1 TB | H40: PCIe Gen4 x 4 SSD slot: 2 Up to 2 TB | I40: PCIe Gen4 x 4 SSD slot: 1 Up to 1 TB | J40: PCIe Gen4 x 2 SSD slot: 2 Up to 2 TB | K40: PCIe Gen4 x 4 SSD slot: 2 Up to 2 TB | L40: PCIe Gen4 x 4 SSD slot: 2 Up to 2 TB | M40: PCIe Gen4 x 4 SSD slot: 2 Up to 2 TB | N40: PCIe Gen4 x 4 SSD slot: 2 Up to 2 TB | O40: PCIe Gen4 x 4 SSD slot: 2 Up to 2 TB | P40: PCIe Gen4 x 4 SSD slot: 2 Up to 2 TB | Q40: PCIe Gen4 x 4 SSD slot: 2 Up to 2 TB | R40: PCIe Gen4 x 4 SSD slot: 2 Up to 2 TB | S40: M.2 SSD PCIE Gen4 x1, Gen3 x1 SSD slot: 2 Up to 2 TB | T40: M.2 SSD PCIE Gen4 x2 SSD slot: 2 Up to 2 TB
B42: Wi-FI | C42: Wi-Fi 7 Killer DoubleShot™ Pro | D42: Wi-Fi 7 Killer DoubleShot™ Pro | E42: Wi-Fi 6E 1675i Killer DoubleShot™ Pro | F42: Wi-Fi 6E 1675i Killer DoubleShot™ Pro | G42: Wi-Fi 6E 1675i | H42: Wi-Fi 6E 1675i | I42: Wi-Fi 6E RZ616E | J42: Wi-Fi 6E 1675i Killer DoubleShot™ Pro | K42: Wi-Fi 6E RZ616E Killer DoubleShot™ Pro | L42: Wi-Fi 6E RZ616E Killer DoubleShot™ Pro | M42: Wi-Fi 6E 1675i Killer DoubleShot™ Pro | N42: Wi-Fi 6E RZ616E Killer DoubleShot™ Pro | O42: Wi-Fi 6 | P42: Wi-Fi 6E RZ616E | Q42: Wi-Fi 6 AX201 | R42: Wi-Fi 6E RZ616E | S42: Wi-Fi 6 | T42: Wi-Fi 6E
B43: Bluetooth | C43: 5.3 or above | D43: 5.3 or above | E43: 5.3 or above | F43: 5.3 or above | G43: 5.3 or above | H43: 5.3 or above | I43: 5.3 or above | J43: 5.3 or above | K43: 5.3 or above | L43: 5.3 or above | M43: 5.3 or above | N43: 5.3 or above | O43: 5.1 or above | P43: 5.3 or above | Q43: 5.3 or above | R43: 5.3 or above | S43: 5.2 or above | T43: 5.3 or above
B44: LAN | C44: Killer™ Ethernet E3100G | D44: Killer™ Ethernet E3100G | E44: Killer™ Ethernet E3100G | F44: Killer™ Ethernet E3100G | G44: N/A | H44: N/A | I44: N/A | J44: Killer™ Ethernet E3100G | K44: Killer™ Ethernet E3100G | L44: Killer™ Ethernet E3100G | M44: Killer™ Ethernet E3100G | N44: Killer™ Ethernet E3100G | O44: Gigabit Ethernet | P44: Gigabit Ethernet | Q44: Killer™ Ethernet E2600 | R44: N/A | S44: RTL8111H-CG | T44: RTL8111H-CG
B45: Battery [W] | C45: 90Whr, up to 6.5 hrs | D45: 90Whr, up to 5.5 hrs | E45: 90Whr, up to 6.5 hrs | F45: 90Whr, up to 6 hrs | G45: 76Whr, up to 9 hrs | H45: 76Whr, up to 8.5 hrs | I45: 76 Whr, up to 9hrs | J45: 76Whr, up to 7.5 hrs | K45: 90Whr, up to 9 hrs | L45: 76Whr, up to 8 hrs | M45: 90Whr, up to 8 hrs | N45: 90Whr, up to 8 hrs | O45: 57Whr, up to 7.5 hrs | P45: 57Whr, up to 7 hrs | Q45: 57Whr, up to 5 hrs | R45: 57 Whr, up to 6 hrs | S45: 57Whr, up to 7.5 hrs | T45: 57Whr, up to 7.5 hrs
B46: AC Power Adapter | C46: RTX 4080：330W RTX 4070：330W | D46: RTX 4090：330W RTX 4080：330W | E46: RTX 4070: 330W RTX 4060: 330W RTX 4050: 230W | F46: RTX 4070: 330W RTX 4060: 330W RTX 4050: 230W | G46: RTX 4070: 230W RTX 4060: 230W RTX 4050: 230W | H46: RTX 4070: 230W RTX 4060: 230W RTX 4050: 230W | I46: RTX 4060: 230W RTX 4050: 230W RTX 3050: 230W | J46: RTX 4060: 230W RTX 4050: 230W RTX 3050: 230W | K46: RTX 4070: 230W RTX 4060: 230W | L46: RTX 4060: 230W RTX 4050: 230W RTX 3050: 230W | M46: RTX 4060: 230W RTX 4050: 230W | N46: RTX 4070: 230W RTX 4060: 230W RTX 4050: 230W | O46: RTX 4060: 135W RTX 4050: 135W RTX 3050: 135W RTX 2050: 135W | P46: RTX 4060: 135W RTX 4050: 135W RTX 3050: 135W RTX 2050: 135W | Q46: RTX 4050: 135W RTX 3050: 135W RTX 2050: 135W | R46: RTX 4060: 135W RTX 4050: 135W RTX 3050: 135W | S46: RTX 4050: 135W RTX 3050: 135W | T46: RTX 4050: 135W RTX 3050: 135W
... B60: Weight | C60: WQXGA: 2.6 kg Mini LED: 2.7kg | D60: WQXGA: 3.25 kg Mini LED: 3.25 kg | E60: 2.8 kg | F60: 3.4 kg | G60: 1.9 kg | H60: 2.05 kg | I60: 2 kg | J60: 2.45 kg | K60: 2.65 kg | L60: 2.435 kg | M60: 3.1 kg | N60: 3.1 kg | O60: 2.1 kg | P60: 2.5 kg | Q60: 2.5 kg | R60: 1.7 kg | S60: 2.1 kg | T60: 2.1 kg
B62: PredatorSense/NitroSense
B70: C close | G70: 45362 | H70: 45313 | I70: 45364 | J70: 45355 | K70: 45313 | L70: 45356 | M70: 45296 | N70: 45313 | O70: 45313 | P70: 45306 | Q70: 45497 | R70: Jul/M
B71: FCS | C71: 45313 | D71: 45282 | E71: 45282 | F71: 45303 | G71: 45371 | H71: 45327 | I71: 45380 | J71: 45366 | K71: 45371 | L71: 45379 | M71: 45310 | N71: 45327 | O71: 45328 | P71: 45315 | Q71: 45510 | R71: Aug/B | S71: 2024/11/27(TBD) | T71: 2024/12/9(TBD)
B72: SPEC version | C72: v6-4 | D72: v6-5 | E72: v6-4 | F72: v5-4 | H72: v1-1 | J72: v2-2 | K72: v5-5 | M72: v4-4 | N72: v5-5 | O72: v4-4 | P72: v3-3
B73: PM | C73: Pan, Albert | D73: Huang, Julia | E73: Li, Ken | F73: Wang, Johnson | G73: Chiu, Phoebe | H73: Hsu, Scott | I73: Kuo, Stanley | J73: Wang, Johnson | K73: Kuo, Stanley | L73: Liu, Wade | M73: Huang, Julia | N73: Hsu, Scott | O73: Liu, Wade | P73: Pan, Albert | Q73: Pan, Albert | R73: Li, Ken | S73: Liu, Wade | T73: Liu, Wade
C76: V

Sheet NETWORKING 2024
B2: MASTER SPEC SHEET - 2024 GAMING NETWORKING PROJECTS
C5: PREDATOR CONNECT T7 WI-FI 7 MESH ROUTER
B7: SPEC
B9: Unique Feature/Green Design
B11: Wi-Fi Standard | C11: WiFi 6E (802.11ax)
B12: Wi-FI Speed | C12: 2.4GHz AX: 2x2(Tx/Rx) 1024/256-QAM 20/40MHz, up to 574Mbps 5GHz AX: 2x2(Tx/Rx) 1024/256-QAM 20/40/80MHz, up to 1201 Mbps 6GHz AX: 4x4(Tx/Rx) 1024/256-QAM 20/40/80/160MHz, up to 4804 Mbps
B13: Wi-Fi Encryption | C13: WPA-PSK WPA2-PSK WPA3-PSK
B14: Operating Frequency | C14: 2.4GHz / 5GHz/ 6GHz
B15: Processor | C15: 1.8GHz quad-core processor
B16: Memory | C16: 256MB NAND flash and 1GB DDR3 SDRAM
B17: Antenna | C17: High-performance RGB antenna x 6
B18: Software
B19: Connectivity
B20: Ethernet Port
B21: Button Key
B22: LED Indication
B23: SIM
B24: Web
B25: Power
B26: Temperature & Humidity
B27: Battery
B29: Certification
B30: Material
... B50: Thermal

Sheet DEKSTOP 2024
B2: MASTER SPEC SHEET - 2024 GAMING DESKTOP PROJECTS
C5: ORION X | D5: ORION X | E5: ORION 7000 | F5: ORION 5000 | G5: ORION 3000 | H5: Nitro 50 | I5: Nitro 50 | J5: Nitro 70
C6: POX-955 | D6: POX-655 | E6: PO7-655 | F6: PO5-655 | G6: PO3-655 | H6: N50-656 | I6: N50-130 | J6: N70-130
C7: Rimac | D7: Rimac | E7: Aperta | F7: Aperta | G7: Regal | H7: AndreyR | I7: Romeo | J7: Romeo
B8: SPEC | E8: Aperta RPL-S Refresh | F8: Aperta RPL-S Refresh
B10: Unique Feature | C10: DIY-friendly tool-less design 16.7M Colors ARGB Pulsar lighting | D10: DIY-friendly tool-less design 16.7M Colors ARGB Pulsar lighting | E10: EMI compliant tempered glass side panel | F10: EMI compliant tempered glass side panel | H10: 10W wireless charging pad | I10: 10W wireless charging pad
B12: AI Feature | C12: Predator Sense | D12: Predator Sense | E12: Predator Sense | F12: Predator Sense | G12: Predator Sense | H12: Nitro Sense | I12: Nitro Sense | J12: Nitro Sense
B14: Processor | C14: Intel® Core™ i9-14900KS processors Intel® Core™ i9-14900KF processors Intel® Core™ i7 14700KF processors | D14: Intel® Core™ i7-14700F processors Intel® Core™ i5-14400F processors | E14: Intel® Core™ i9-14900K processors Intel® Core™ i9-14900KF processors Intel® Core™ i7-14700K processors Intel® Core™ i7-14700KF processors | F14: Intel® Core™ i7-14700F processors Intel® Core™ i7-14700 processors Intel® Core™ i5-14400F processors Intel® Core™ i5-14400 processors | G14: Intel® Core™ i7-14700 processors, Intel® UHD Graphics 770 Intel® Core™ i7-14700F processors Intel® Core™ i5-14400 processors, Intel® UHD Graphics 770 / 730 Intel® Core™ i5-14400F processors | H14: Intel® Core™ i7-14700 processors, Intel® UHD Graphics 770 Intel® Core™ i7-14700F processors Intel® Core™ i5-14400 processors, Intel® UHD Graphics 770 / 730 Intel® Core™ i5-14400F processors | I14: AMD Ryzen™ 9 7900 Desktop Processor (12-core/24-thread, 76MB cache, up to 5.4 GHz max boost) AMD Ryzen™ 7 7700 Desktop Processor (8-core/16-thread, 40MB cache, up to 5.3 GHz max boost) AMD Ryzen™ 5 7600 Desktop Processor (6-core/12-thread, 38MB cache, up to 5.1 GHz max boost) | J14: AMD Ryzen™ 9 7900 Desktop Processor (12-core/24-thread, 76MB cache, up to 5.4 GHz max boost) AMD Ryzen™ 7 7700 Desktop Processor (8-core/16-thread, 40MB cache, up to 5.3 GHz max boost) AMD Ryzen™ 5 7600 Desktop Processor (6-core/12-thread, 38MB cache, up to 5.1 GHz max boost)
B15: Chipset | E15: Intel® Z790 Chipset | F15: Intel® H770 Chipset | G15: Intel® B760 Chipset | H15: Intel® B760 Chipset
B16: Processor Power (range) | C16: i9KS: 150W i9KF: 125W i7: 125W | D16: i7: 65W i5: 65W | E16: i9: 125W i7: 125W | F16: i7: 125W i5: 65W | G16: i7: 65W i5: 65W | H16: i7: 65W i5: 65W | I16: R9: 65W R7: 65W R5: 65W | J16: R9: 65W R7: 65W R5: 65W
B17: Intel Application Optimization [APO] | C17: Yes | D17: No | E17: No | F17: No | G17: No | H17: No | I17: No | J17: No
B19: Graphic Card | C19: NVIDIA® GeForce RTX™ 4090 24 GB NVIDIA® GeForce RTX™ 4080 SUPER 16 GB | D19: NVIDIA® GeForce RTX™ 4080 SUPER 16 GB | E19: NVIDIA® GeForce RTX™ 4090 24 GB NVIDIA® GeForce RTX™ 4080 16 GB NVIDIA® GeForce RTX™ 4070 Ti 12 GB | F19: NVIDIA® GeForce RTX™ 4080 16 GB NVIDIA® GeForce RTX™ 4070 Ti 12 GB NVIDIA® GeForce RTX™ 4070 12 GB | G19: NVIDIA® GeForce RTX™ 4070 SUPER 12 GB NVIDIA® GeForce RTX™ 4070 12 GB NVIDIA® GeForce RTX™ 4060 8 GB | H19: NVIDIA® GeForce RTX™ 4060 8 GB NVIDIA® GeForce RTX™ 3050 8 GB Intel® Arc™ A380 Graphics 6 GB | I19: NVIDIA® GeForce RTX™ 4060 8 GB NVIDIA® GeForce RTX™ 3050 8 GB | J19: NVIDIA® GeForce RTX™ 4070 12 GB NVIDIA® GeForce RTX™ 4060 8 GB
B20: Graphic Card Power Max Graphic Power [MGP] | C20: RTX 4090: 450W RTX 4080 SUPER: 320W | D20: RTX 4080 SUPER: 320W | E20: RTX 4090: 450W RTX 4080: 320W RTX 4070 Ti: 285W | F20: RTX 4080: 320W RTX 4070 Ti: 285W RTX 4070: 200W | G20: RTX 4070 SUPER: 220W RTX 4070: 200W RTX 4060: 115W | H20: RTX 4060: 115W RTX 3050: 120W Arc A380: 75W | I20: RTX 4060: W RTX 3050: W | J20: RTX 4070: W RTX 4060: W
B21: NVIDIA Advanced Optimus [AO] | C21: No | D21: No | E21: No | F21: No | G21: No | H21: No | I21: No | J21: No
B22: MUX Switch | C22: No | D22: No | E22: No | F22: No | G22: No | H22: No | I22: No | J22: No
B23: G-SYNC (Level) | C23: No | D23: No | E23: No | F23: No | G23: No | H23: No | I23: No | J23: No
B24: FreeSync (Level) | C24: No | D24: No | E24: No | F24: No | G24: No | H24: No | I24: No | J24: No
B26: Cooling | C26: AIO CPU liquid cooler GPU liquid cooler (RTX 4090) | D26: AIR Cooling | E26: 240mm Liquid Cooling | F26: AIR Cooling | G26: AIR Cooling | H26: AIR Cooling | I26: AIR Cooling | J26: AIR Cooling
B27: Fans | C27: 12cm System fan | D27: FrostBlade 3.0 | E27: FrostBlade 3.0 | F27: FrostBlade 3.0 | G27: FrostBlade 3.0 | H27: 9cm System fan | I27: 9cm System fan | J27: 12cm System fan
B29: Memory | C29: 32/16 GB DDR5 5600/6000XMP MHz RGB Up to 64 GB of Dual-channel DDR5 MHz | D29: 32/16 GB DDR5 5600/6000XMP MHz RGB Up to 64 GB of Dual-channel DDR5 MHz | E29: 16/8 GB DDR5 4800 MHz UDIMM Up to 64 GB of Dual-channel DDR5 4000 MHz | F29: 16/8 GB DDR5 4800 MHz UDIMM Up to 64 GB of Dual-channel DDR5 4000 MHz | G29: 16/8 GB DDR5 5600 MHz UDIMM Up to 64 GB of Dual-channel DDR5 4000 MHz | H29: 16/8 GB DDR5 5600 MHz UDIMM 16/8 GB DDR5 4800 MHz UDIMM Up to 32 GB of Dual-channel DDR5 5600 MHz | I29: 16/8 GB DDR5 4800 MHz UDIMM Up to 32 GB of Dual-channel DDR5 4800 MHz | J29: 16/8 GB DDR5 4800 MHz UDIMM Up to 32 GB of Dual-channel DDR5 4800 MHz
B30: Memory slot | C30: 2 | D30: 2 | E30: 4 | F30: 4 | G30: 2 | H30: 2 | I30: 2 | J30: 2
B31: Storage | C31: 1024 GB M.2 2280 PCI-e Gen4 Performance SSD 1024/512 GB M.2 2280 PCI-e Gen4 SSD 1 TB 2.5-inch 5400 RPM | D31: 1024 GB M.2 2280 PCI-e Gen4 Performance SSD 1024/512 GB M.2 2280 PCI-e Gen4 SSD 1 TB 2.5-inch 5400 RPM | E31: 1024/512 GB M.2 2280 PCI-e Gen4 Performance SSD 1024 GB M.2 2280 PCI-e Gen4 SSD 3/2/1 TB 3.5-inch 7200 RPM | F31: 1024/512 GB M.2 2280 PCI-e Gen4 Performance SSD 3/2/1 TB 3.5-inch 7200 RPM | G31: 1024/512 GB M.2 2280 PCI-e Gen4 Performance SSD 1024/512/256 GB M.2 2280 PCI-e Gen4 SSD 3/2/1 TB 3.5-inch 7200 RPM | H31: 1024/512 GB M.2 2280 PCI-e Gen4 Performance SSD 1024/512/256 GB M.2 2280 PCI-e Gen4 SSD 2/1 TB 3.5-inch 7200 RPM | I31: 1024/512 GB M.2 2280 PCI-e Gen4 Performance SSD 1024/512/256 GB M.2 2280 PCI-e Gen4 SSD 2/1 TB 3.5-inch 7200 RPM | J31: 1024/512/256 GB M.2 2280 PCI-e Gen4 SSD 2/1 TB 3.5-inch 7200 RPM
B32: Storage slot | C32: 2 | D32: 2 | E32: 2 | F32: 2 | H32: 2 | I32: 2 | J32: 2
B34: LAN | C34: Killer™ E3100G 2.5G Ethernet | D34: Killer™ E3100G 2.5G Ethernet | E34: Killer™ Ethernet E3100G | F34: Killer™ Ethernet E3100G | H34: Realtek® 8118AS Dragon Gigabit Ethernet | I34: Realtek® 8118AS Dragon Gigabit Ethernet | J34: Realtek® 8118AS Dragon Gigabit Ethernet
B35: Wireless LAN | C35: Wi-Fi 6E | D35: Wi-Fi 6E | E35: Wi-Fi 6E/6 | F35: Wi-Fi 6E/6 | G35: Wi-Fi 6E/6 | H35: Wi-Fi 6E/6 | I35: Wi-Fi 6E/6 | J35: Wi-Fi 6E
B36: Bluetooth | C36: 5 | D36: 5 | E36: 5 | F36: 5 | G36: 5 | H36: 5 | I36: 5 | J36: 5
B38: AC Power Adapter | C38: 850W, 80 PLUS Gold, SFX | D38: 850W, 80 PLUS Gold, SFX | E38: 1200 W, 80 PLUS Platinum, ATX 800 W PFC, 80PLUS# Gold, ATX | F38: 800 W PFC, 80PLUS# Gold, ATX | G38: 500 W PFC, auto-sensing, 80PLUS® Gold, ATX 750 W PFC, 80PLUS® Gold, ATX | H38: 500 W PFC, auto-sensing, 80PLUS® Gold, ATX | I38: 500 W PFC, auto-sensing, 80PLUS® Gold, ATX | J38: 750 W PFC, 80PLUS# Gold, ATX
B39: I/O Ports | C39: Front/Side I/O connectors • Audio jack(s): 2 • USB 3.2 Gen1 5Gbps Type A port(s): 1 • USB 3.2 Gen1 5Gbps Type C port(s): 1 Rear I/O connectors • LAN port(s): 1 • Audio jack(s): 3 • USB 2.0 Type A port(s): 2 • USB 3.2 Gen2 10Gbps Type A port(s): 3 • USB 3.2 Gen2x2 20Gbps Type C port(s): 1 | D39: Front/Side I/O connectors • Card reader: N • Audio jack(s): 2 • USB 3.2 Gen2 10Gbps Type A port(s): 1 • USB 3.2 Gen2x2 20Gbps Type C port(s): 1 Rear I/O connectors • LAN port(s): 1 • Audio jack(s): 3 • USB 2.0 Type A port(s): 2 • USB 3.2 Gen1 5Gbps Type A port(s): 1 • USB 3.2 Gen2 10Gbps Type A port(s): 1 • USB 3.2 Gen2x2 20Gbps Type C port(s): 1 | E39: Front/Side I/O connectors • Audio jack(s): 2 • USB 3.2 Gen1 5Gbps Type A port(s): 3 • USB 3.2 Gen1 5Gbps Type C port(s): 1 Rear I/O connectors • LAN port(s): 1 • Audio jack(s): 3 • USB 2.0 Type A port(s): 2 • USB 3.2 Gen2 10Gbps Type A port(s): 3 • USB 3.2 Gen2 10Gbps Type C port(s): 2 • USB 3.2 Gen2x2 20Gbps Type C port(s): 1 | F39: Front/Side I/O connectors • Audio jack(s): 2 • USB 3.2 Gen1 5Gbps Type A port(s): 3 • USB 3.2 Gen1 5Gbps Type C port(s): 1 Rear I/O connectors • LAN port(s): 1 • Audio jack(s): 3 • USB 2.0 Type A port(s): 4 • USB 3.2 Gen2 10Gbps Type A port(s): 1 • USB 3.2 Gen2x2 20Gbps Type C port(s): 1 | G39: Front/Side I/O connectors • Audio jack(s): 2 • USB 3.2 Gen2 10Gbps Type A port(s): 1 • USB 3.2 Gen2x2 20Gbps Type C port(s): 1 Rear I/O connectors • LAN port(s): 1 • Audio jack(s): 3 • USB 2.0 Type A port(s): 4 • USB 3.2 Gen1 5Gbps Type A port(s): 2 | H39: Front/Side I/O connectors • Card reader: N • Audio jack(s): 2 • USB 3.2 Gen2 10Gbps Type A port(s): 1 • USB 3.2 Gen2x2 20Gbps Type C port(s): 1 Rear I/O connectors • LAN port(s): 1 • Audio jack(s): 3 • USB 2.0 Type A port(s): 4 • USB 3.2 Gen1 5Gbps Type A port(s): 2 | I39: Front/Side I/O connectors • Card reader: N • Audio jack(s): 2 • USB 3.2 Gen1 5Gbps Type A port(s): 2 Rear I/O connectors • LAN port(s): 1 • Audio jack(s): 3 • USB 2.0 Type A port(s): 2 • USB 3.2 Gen2 10Gbps Type A port(s): 3 • USB 3.2 Gen2x2 20Gbps Type C port(s): 1 | J39: Front/Side I/O connectors • Card reader: N • Audio jack(s): 2 • USB 3.2 Gen1 Type A port(s): 3 • USB 3.2 Gen1 Type C port(s): 1 Rear I/O connectors • LAN port(s): 1 • Audio jack(s): 3 • USB 2.0 Type A port(s): 2 • USB 3.2 Gen2 Type A port(s): 3 • USB 3.2 Gen2x2 Type C port(s): 1
B40: I/O expansions | C40: • PCIe x16 slot(s): 1 • M.2 slot (for SSD): 2 • M.2 slot (for WLAN): 1 | D40: • PCIe x16 slot(s): 1 • M.2 slot (for SSD): 2 • M.2 slot (for WLAN): 1 | E40: • PCIe x16 slot(s): 2 • PCIe x1 slot(s): 1 • M.2 slot (for SSD): 2 • M.2 slot (for WLAN): 1 | F40: • PCIe x16 slot(s): 2 • PCIe x1 slot(s): 1 • M.2 slot (for SSD): 2 • M.2 slot (for WLAN): 1 | G40: • PCIe x16 slot(s): 1 • PCIe x1 slot(s): 1 • M.2 slot (for SSD): 2 • M.2 slot (for WLAN): 1 | H40: •PCIe x16 slot(s): 1 • PCIe x1 slot(s): 1 • M.2 slot (for SSD): 2 • M.2 slot (for WLAN): 1 | I40: • PCIe x16 slot(s): 1 • M.2 slot (for SSD): 2 • M.2 slot (for WLAN): 1 | J40: • PCIe x16 slot(s): 1 • M.2 slot (for SSD): 2 • M.2 slot (for WLAN): 1
B41: SATA | C41: 2 x 2.5” SATA3 6.0Gb/s HDD connector (up to 1TB/each) | D41: 2 x 2.5” SATA3 6.0Gb/s HDD connector (up to 1TB/each) | E41: 2 x 3.5” SATA3 6.0Gb/s HDD connector (up to 3TB/each) | F41: 2 x 3.5” SATA3 6.0Gb/s HDD connector (up to 3TB/each) | H41: 2 x 3.5” SATA3 6.0Gb/s HDD connector (up to 2TB/each) | I41: 2 x 3.5” SATA3 6.0Gb/s HDD connector (up to 2TB/each) | J41: 2 x 3.5” SATA3 6.0Gb/s HDD connector (up to 2TB/each)
B42: Audio | C42: DTS:X® Ultra | D42: DTS:X® Ultra | E42: DTS:X® Ultra | F42: DTS:X® Ultra | G42: DTS:X® Ultra | H42: DTS:X® Ultra | I42: DTS:X® Ultra | J42: DTS:X® Ultra
B43: OS | C43: Windows 11 Home 64-bit. | D43: Windows 11 Home 64-bit. | E43: Windows 11 Home 64-bit. UEFI Shell | F43: Windows 11 Home 64-bit. UEFI Shell | G43: Windows 11 Home 64-bit. UEFI Shell | H43: Windows 11 Home 64-bit. UEFI Shell | I43: Windows 11 Home 64-bit. UEFI Shell No OS | J43: Windows 11 Home 64-bit. UEFI Shell No OS
B44: PredatorSense/NitroSense Version | C44: v4.0 | D44: v4.0 | E44: v4.0 | F44: v4.0 | G44: v4.0 | H44: v4.0 | I44: v4.0 | J44: v4.0
B46: Material [PCR %] | C46: N/A | D46: N/A | E46: N/A | F46: N/A | G46: N/A | H46: N/A | I46: N/A | J46: N/A
B47: Dimension [W*D*H] | C47: 179 (W) x 336 (D) x 257.5 (H) mm | D47: 179 (W) x 336 (D) x 257.5 (H) mm | E47: 219 (W) x 504.8 (D) x 485 (H) mm | F47: 219 (W) x 482 (D) x 485 (H) mm | G47: 175 (W) x 377 (D) x 385 (H) mm | H47: 175 (W) x 386 (D) x 392 (H) mm | I47: 175 (W) x 386 (D) x 392 (H) mm | J47: 219 (W) x 504.8 (D) x 485 (H) mm
B48: Weight | C48: 10.51 kg | D48: 10.51 kg | E48: 22kg [i9+RTX4090] | F48: 20kg | G48: 15kg | H48: 7.4kg | I48: 25kg | J48: 25kg
B49: Volume (L) | C49: 15.4L | D49: 15.4L | E49: 50L | F49: 50L | G49: 18L | H49: 18L | I49: 40L | J49: 40L
B53: FCS | C53: 45382 | D53: 45382 | E53: 45290 | F53: 45321 | G53: 45321 | H53: 45247 | I53: 45205 | J53: 45205
B54: SPEC version | C54: v2-1 | D54: v2-1 | E54: v3-1 | F54: v3-2 | G54: v4-4 | H54: v3-1 | I54: v3-0 | J54: v2-0
B55: PM | C55: Su, Sarah | D55: Su, Sarah | E55: Wu, Koa | F55: Wu, Koa | G55: Chao, Callen | H55: Tsai, Hour | I55: Chao, Callen | J55: Chao, Callen
